OrderNumber,Index
F4968-0000,2066
F5260-0000,2067
F5328-0000,3918
F5463-0000,2068
F5505-0000,3251
F5563-0000,2069
F5565-0000,2070
F5566-0000,2071
F5567-0000,2072
F5592-0000,2073
F5593-0000,3645
F5610-0000,2074
F5644-0000,2075
F5671-0000,2076
F5722-0000,3646
F5723-0000,2077
F5775-0000,2078
F5777-0000,2079
F5788-0000,2080
F5854-0000,2081
F5855-0000,2082
F5856-0000,2083
F5857-0000,2084
F5860-0000,2085
F5861-0000,2086
F5862-0000,2087
F5863-0000,2088
F5864-0000,2089
F5865-0000,2090
F5866-0000,2091
F5867-0000,2092
F5870-0000,2093
F5897-0000,2094
F5904-0000,2095
F5915-0000,2096
F5918-0000,2097
F5926-0000,2098
F5927-0000,2099
F5928-0000,2100
F5929-0000,2101
F5930-0000,2102
F5933-0000,2103
F5934-0000,2104
F5935-0000,2105
F5936-0000,2106
F5943-0000,2107
F5944-0000,2108
F5945-0000,2109
F5946-0000,2110
F5947-0000,2111
F5948-0000,2112
F5955-0000,2113
F5956-0000,2114
F5958-0000,2115
F5959-0000,2116
F5960-0000,2117
F5961-0000,2118
F5962-0000,2119
F5963-0000,2120
F5964-0000,2121
F5965-0000,2122
F5966-0000,2123
F5967-0000,2124
F5968-0000,2125
F5969-0000,2126
F5970-0000,2127
F5971-0000,2128
F5972-0000,2129
F5973-0000,2130
F5974-0000,2131
F5975-0000,2132
F5976-0000,2133
F5977-0000,2134
F5978-0000,2135
F5979-0000,2136
F5980-0000,2137
F5981-0000,2138
F5982-0000,2139
F5983-0000,2140
F5984-0000,2141
F5985-0000,2142
F5986-0000,2143
F5988-0000,2144
F5990-0000,2145
F5991-0000,2146
F5992-0000,2147
F5993-0000,2148
F5996-0000,2149
F5997-0000,2150
F5998-0000,2151
F6000-0000,2152
F6001-0000,2153
F6004-0000,2154
F6005-0000,2155
F6006-0000,3252
F6008-0000,2156
F6009-0000,2157
F6010-0000,2158
F6011-0000,2159
F6012-0000,2160
F6013-0000,2161
F6014-0000,2162
F6015-0000,2163
F6016-0000,2164
F6017-0000,2165
F6018-0000,2166
F6019-0000,2167
F6020-0000,2168
F6021-0000,2169
F6022-0000,2170
F6023-0000,2171
F6024-0000,2172
F6025-0000,2173
F6026-0000,2174
F6027-0000,2175
F6028-0000,2176
F6029-0000,2177
F6031-0000,2178
F6032-0000,2179
F6033-0000,2180
F6034-0000,2181
F6035-0000,2182
F6036-0000,2183
F6037-0000,2184
F6038-0000,2185
F6039-0000,2186
F6041-0000,2187
F6042-0000,2188
F6043-0000,2189
F6044-0000,2190
F6045-0000,2191
F6046-0000,2192
F6047-0000,2193
F6048-0000,2194
F6049-0000,2195
F6053-0000,2196
F6054-0000,2197
F6055-0000,2198
F6056-0000,2199
F6057-0000,2200
F6058-0000,2201
F6059-0000,2202
F6060-0000,2203
F6061-0000,2204
F6062-0000,2205
F6063-0000,2206
F6064-0000,2207
F6065-0000,2208
F6066-0000,2209
F6067-0000,2210
F6068-0000,2211
F6069-0000,2212
F6070-0000,2213
F6071-0000,2214
F6072-0000,2215
F6073-0000,2216
F6074-0000,2217
F6075-0000,2218
F6076-0000,2219
F6077-0000,2220
F6078-0000,2221
F6087-0000,2222
F6088-0000,2223
F6089-0000,2224
F6090-0000,2225
F6091-0000,2226
F6092-0000,2227
F6093-0000,2228
F6094-0000,2229
F6095-0000,2230
F6096-0000,2231
F6097-0000,2232
F6098-0000,2233
F6099-0000,2234
F6100-0000,2235
F6101-0000,2236
F6102-0000,2237
F6103-0000,2238
F6104-0000,2239
F6105-0000,2240
F6106-0000,2241
F6107-0000,2242
F6108-0000,2243
F6109-0000,2244
F6110-0000,2245
F6111-0000,2246
F6112-0000,2247
F6113-0000,2248
F6114-0000,2249
F6115-0000,2250
F6116-0000,2251
F6117-0000,2252
F6118-0000,2253
F6119-0000,2254
F6120-0000,2255
F6121-0000,2256
F6122-0000,2257
F6123-0000,2258
F6124-0000,2259
F6125-0000,2260
F6126-0000,2261
F6127-0000,2262
F6128-0000,2263
F6129-0000,2264
F6130-0000,2265
F6131-0000,2266
F6132-0000,2267
F6133-0000,2268
F6134-0000,2269
F6135-0000,2270
F6136-0000,2271
F6137-0000,2272
F6138-0000,2273
F6139-0000,2274
F6140-0000,2275
F6141-0000,2276
F6142-0000,2277
F6143-0000,2278
F6144-0000,2279
F6145-0000,2280
F6146-0000,2281
F6147-0000,2282
F6148-0000,2283
F6149-0000,2284
F6150-0000,2285
F6151-0000,2286
F6152-0000,2287
F6153-0000,2288
F6154-0000,2289
F6156-0000,2290
F6157-0000,2291
F6158-0000,2292
F6159-0000,2293
F6160-0000,2294
F6161-0000,2295
F6162-0000,2296
F6163-0000,2297
F6164-0000,2298
F6165-0000,2299
F6166-0000,2300
F6167-0000,2301
F6168-0000,2302
F6169-0000,2303
F6170-0000,2304
F6171-0000,2305
F6172-0000,2306
F6173-0000,2307
F6174-0000,2308
F6175-0000,2309
F6176-0000,2310
F6177-0000,2311
F6178-0000,2312
F6179-0000,2313
F6180-0000,2314
F6181-0000,2315
F6182-0000,2316
F6183-0000,2317
F6185-0000,2318
F6186-0000,2319
F6187-0000,2320
F6188-0000,2321
F6189-0000,2322
F6191-0000,2323
F6192-0000,2324
F6194-0000,2325
F6195-0000,2326
F6196-0000,2327
F6197-0000,2328
F6198-0000,2329
F6199-0000,2330
F6200-0000,2331
F6201-0000,2332
F6202-0000,2333
F6203-0000,2334
F6204-0000,2335
F6205-0000,2336
F6206-0000,2337
F6207-0000,2338
F6208-0000,2339
F6209-0000,2340
F6210-0000,2341
F6211-0000,2342
F6212-0000,2343
F6213-0000,2344
F6214-0000,2345
F6215-0000,2346
F6216-0000,2347
F6217-0000,2348
F6218-0000,2349
F6219-0000,2350
F6222-0000,2351
F6223-0000,2352
F6224-0000,2353
F6225-0000,2354
F6226-0000,2355
F6227-0000,2356
F6228-0000,2357
F6229-0000,2358
F6230-0000,2359
F6231-0000,2360
F6232-0000,2361
F6233-0000,2362
F6234-0000,2363
F6235-0000,2364
F6236-0000,2365
F6237-0000,2366
F6238-0000,2367
F6239-0000,2368
F6240-0000,2369
F6241-0000,2370
F6242-0000,2371
F6244-0000,2372
F6245-0000,2373
F6246-0000,2374
F6247-0000,2375
F6248-0000,2376
F6249-0000,2377
F6250-0000,2378
F6251-0000,2379
F6252-0000,2380
F6254-0000,2381
F6255-0000,2382
F6257-0000,2383
F6258-0000,2384
F6259-0000,2385
F6260-0000,2386
F6261-0000,2387
F6263-0000,2388
F6264-0000,2389
F6265-0000,2390
F6268-0000,3253
F6269-0000,2391
F6270-0000,2392
F6271-0000,2393
F6272-0000,2394
F6273-0000,2395
F6274-0000,2396
F6275-0000,2397
F6276-0000,2398
F6277-0000,2399
F6287-0000,2400
F6288-0000,2401
F6289-0000,2402
F6290-0000,2403
F6291-0000,2404
F6295-0000,2405
F6296-0000,2406
F6297-0000,2407
F6299-0000,2408
F6300-0000,2409
F6301-0000,2410
F6302-0000,2411
F6303-0000,2412
F6304-0000,2413
F6305-0000,2414
F6306-0000,2415
F6307-0000,3647
F6308-0000,2416
F6309-0000,2417
F6310-0000,2418
F6311-0000,2419
F6312-0000,2420
F6313-0000,2421
F6314-0000,2422
F6317-0000,2423
F6318-0000,2424
F6321-0000,2425
F6322-0000,2426
F6324-0000,2427
F6325-0000,2428
F6326-0000,2429
F6327-0000,2430
F6328-0000,2431
F6329-0000,2432
F6330-0000,2433
F6331-0000,2434
F6332-0000,2435
F6333-0000,2436
F6334-0000,2437
F6335-0000,2438
F6336-0000,2439
F6337-0000,2440
F6338-0000,2441
F6339-0000,2442
F6340-0000,2443
F6341-0000,2444
F6342-0000,2445
F6343-0000,2446
F6344-0000,2447
F6345-0000,2448
F6346-0000,2449
F6347-0000,2450
F6348-0000,2451
F6349-0000,2452
F6350-0000,2453
F6352-0000,2454
F6353-0000,2455
F6354-0000,2456
F6355-0000,2457
F6356-0000,2458
F6357-0000,2459
F6359-0000,2460
F6360-0000,2461
F6361-0000,2462
F6362-0000,2463
F6363-0000,2464
F6366-0000,2465
F6368-0000,2466
F6369-0000,2467
F6370-0000,2468
F6371-0000,2469
F6372-0000,2470
F6373-0000,2471
F6374-0000,2472
F6379-0000,2473
F6380-0000,2474
F6381-0000,2475
F6382-0000,2476
F6383-0000,2477
F6384-0000,2478
F6385-0000,2479
F6386-0000,2480
F6387-0000,2481
F6388-0000,2482
F6389-0000,2483
F6390-0000,2484
F6392-0000,2485
F6394-0000,2486
F6395-0000,2487
F6396-0000,2488
F6397-0000,2489
F6398-0000,2490
F6399-0000,2491
F6400-0000,2492
F6401-0000,2493
F6402-0000,2494
F6403-0000,2495
F6404-0000,2496
F6405-0000,2497
F6406-0000,2498
F6407-0000,2499
F6408-0000,2500
F6411-0000,2501
F6430-0000,2502
F6431-0000,2503
F6432-0000,2504
F6433-0000,2505
F6434-0000,2506
F6435-0000,2507
F6436-0000,2508
F6436-0002,2509
F6438-0000,2510
F6441-0000,2511
F6459-0000,2512
F6460-0000,2513
F6461-0000,2514
F6462-0000,2515
F6463-0000,2516
F6464-0000,2517
F6465-0000,2518
F6468-0000,2519
F6469-0000,2520
F6470-0000,2521
F6471-0000,2522
F6472-0000,2523
F6474-0000,2524
F6475-0000,2525
F6476-0000,2526
F6477-0000,2527
F6478-0000,2528
F6479-0000,2529
F6480-0000,2530
F6481-0000,2531
F6482-0000,2532
F6483-0000,2533
F6484-0000,2534
F6485-0000,2535
F6486-0000,2536
F6487-0000,2537
F6488-0000,2538
F6489-0000,2539
F6490-0000,2540
F6491-0000,2541
F6494-0000,2542
F6495-0000,2543
F6496-0000,2544
F6497-0000,2545
F6499-0000,2546
F6500-0000,2547
F6501-0000,2548
F6502-0000,2549
F6504-0000,3254
F6505-0000,2550
F6506-0000,2551
F6507-0000,2552
F6508-0000,2553
F6509-0000,2554
F6510-0000,2555
F6520-0000,3255
F6524-0000,2556
F6525-0000,2557
F6526-0000,2558
F6527-0000,2559
F6529-0000,2560
F6530-0000,2561
F6532-0000,2562
F6533-0000,2563
F6534-0000,2564
F6535-0000,2565
F6536-0000,3256
F6537-0000,2566
F6538-0000,2567
F6539-0000,2568
F6542-0000,2569
F6543-0000,2570
F6546-0000,3257
F6547-0000,2571
F6548-0000,2572
F6549-0000,2573
F6550-0000,2574
F6551-0000,2575
F6552-0000,2576
F6553-0000,2577
F6554-0000,2578
F6555-0000,2579
F6556-0000,2580
F6557-0000,2581
F6558-0000,2582
F6559-0000,2583
F6560-0000,3648
F6561-0000,3239
F6562-0000,3258
F6563-0000,2584
F6564-0000,2585
F6567-0000,2586
F6568-0000,2587
F6569-0000,2588
F6570-0000,2589
F6577-0000,2590
F6578-0000,2591
F6579-0000,3259
F6580-0000,2592
F6581-0000,2593
F6582-0000,2594
F6583-0000,2595
F6584-0000,2596
F6586-0000,2597
F6587-0000,2598
F6588-0000,2599
F6589-0000,2600
F6590-0000,2601
F6591-0000,3260
F6592-0000,2602
F6593-0000,2603
F6594-0000,2604
F6595-0000,3261
F6596-0000,2605
F6597-0000,2606
F6598-0000,2607
F6599-0000,2608
F6600-0000,2609
F6601-0000,2610
F6602-0000,2611
F6603-0000,2612
F6604-0000,2613
F6605-0000,3262
F6606-0000,3263
F6607-0000,3264
F6608-0000,3265
F6609-0000,3266
F6610-0000,3267
F6611-0000,3268
F6612-0000,3269
F6613-0000,3270
F6614-0000,3271
F6615-0000,3272
F6617-0000,3649
F6618-0000,3650
F6619-0000,2614
F6620-0000,2615
F6621-0000,2616
F6622-0000,2617
F6623-0000,2618
F6624-0000,2619
F6625-0000,2620
F6626-0000,2621
F6627-0000,2622
F6628-0000,2623
F6631-0000,2624
F6632-0000,3273
F6633-0000,3651
F6634-0000,3652
F6635-0000,3653
F6636-0000,2625
F6637-0000,2626
F6638-0000,3654
F6639-0000,3274
F6640-0000,3655
F6641-0000,3656
F6642-0000,3657
F6643-0000,3658
F6644-0000,3659
F6645-0000,3660
F6646-0000,3661
F6647-0000,2627
F6648-0000,3662
F6649-0000,3275
F6650-0000,3276
F6651-0000,3663
F6651-0002,3664
F6652-0000,3665
F6653-0000,3666
F6654-0000,3494
F6655-0000,3667
F6656-0000,3668
F6657-0000,3277
F6658-0000,3278
F6659-0000,3669
F6660-0000,3670
F6661-0000,2628
F6662-0000,2629
F6663-0000,2630
F6664-0000,2631
F6665-0000,3279
F6666-0000,2632
F6667-0000,3280
F6668-0000,2633
F6669-0000,3281
F6670-0000,2634
F6671-0000,3282
F6672-0000,2635
F6673-0000,2636
F6674-0000,2637
F6675-0000,2638
F6677-0000,3283
F6679-0000,3240
F6682-0000,3284
F6683-0000,2639
F6684-0000,2640
F6685-0000,3285
F6686-0000,3286
F6687-0000,2641
F6688-0000,3287
F6690-0000,3288
F6691-0000,2642
F6693-0000,3289
F6694-0000,2643
F6696-0000,2644
F6697-0000,3290
F6698-0000,2645
F6699-0000,3291
F6700-0000,3292
F6701-0000,3293
F6703-0000,3294
F6704-0000,3671
F6706-0000,3295
F6707-0000,3495
F6711-0000,2646
F6712-0000,2647
F6714-0000,2648
F6715-0000,2649
F6717-0000,3296
F6718-0000,3297
F6719-0000,2650
F6720-0000,3496
F6721-0000,2651
F6722-0000,2652
F6723-0000,2653
F6724-0000,2654
F6725-0000,2655
F6726-0000,3298
F6727-0000,3299
F6728-0000,3300
F6729-0000,2656
F6730-0000,3672
F6731-0000,3301
F6734-0000,3302
F6735-0000,2657
F6737-0000,3303
F6738-0000,3304
F6739-0000,3305
F6740-0000,2658
F6741-0000,3306
F6742-0000,3673
F6743-0000,3674
F6744-0000,3675
F6745-0000,3497
F6746-0000,3307
F6747-0000,3308
F6749-0000,3309
F6750-0000,3676
F6751-0000,3677
F6754-0000,3678
F6758-0000,2659
F6759-0000,2660
F6760-0000,2661
F6761-0000,2662
F6763-0000,3498
F6764-0000,3679
F6765-0000,3680
F6766-0000,3499
F6767-0000,3310
F6768-0000,3311
F6769-0000,3312
F6777-0000,2663
F6778-0000,2664
F6779-0000,2665
F6781-0000,3681
F6782-0000,3682
F6783-0000,3683
F6786-0000,3313
F6787-0000,3314
F6788-0000,3315
F6789-0000,3316
F6790-0000,3317
F6791-0000,3318
F6792-0000,3319
F6793-0000,3320
F6794-0000,3321
F6795-0000,3322
F6796-0000,3323
F6797-0000,2666
F6798-0000,3324
F6800-0000,3325
F6801-0000,3326
F6802-0000,3327
F6803-0000,3328
F6805-0000,2667
F6806-0000,2668
F6807-0000,3684
F6808-0000,3500
F6809-0000,3501
F6812-0000,3685
F6813-0000,3502
F6814-0000,3686
F6816-0000,3687
F6817-0000,3503
F6818-0000,3329
F6819-0000,3330
F6821-0000,3688
F6822-0000,3689
F6823-0000,3690
F6824-0000,3504
F6825-0000,3331
F6826-0000,3691
F6827-0000,3692
F6829-0000,3693
F6830-0000,3694
F6831-0000,3332
F6832-0000,3695
F6833-0000,3696
F6834-0000,3697
F6835-0000,3698
F6836-0000,3333
F6837-0000,3334
F6839-0000,3699
F6840-0000,3700
F6841-0000,3701
F6842-0000,3702
F6843-0000,3703
F6844-0000,3704
F6845-0000,3705
F6846-0000,3706
F6851-0000,3707
F6852-0000,3708
F6853-0000,3709
F6854-0000,3335
F6855-0000,3710
F6864-0000,2669
F6865-0000,3711
F6867-0000,3336
F6868-0000,3337
F6869-0000,3338
F6870-0000,3505
F6871-0000,3339
F6873-0000,3340
F6874-0000,3341
F6875-0000,3342
F6876-0000,3506
F6877-0000,3343
F6878-0000,3712
F6879-0000,3344
F6880-0000,3713
F6881-0000,3714
F6882-0000,3715
F6883-0000,3716
F6885-0000,2670
F6887-0000,2671
F6888-0000,2672
F6889-0000,2673
F6890-0000,3717
F6892-0000,3345
F6893-0000,3346
F6894-0000,3347
F6895-0000,3718
F6896-0000,3348
F6897-0000,3349
F6898-0000,3350
F6899-0000,3351
F6900-0000,3352
F6901-0000,3353
F6903-0000,3719
F6904-0000,3720
F6905-0000,3354
F6906-0000,3355
F6907-0000,3356
F6916-0000,3507
F6917-0000,3357
F6924-0000,4349
F6925-0000,4478
F6927-0000,3358
F6928-0000,3359
F6929-0000,3360
F6930-0000,3508
F6931-0000,3361
F6932-0000,3721
F6933-0000,3509
F6934-0000,3722
F6935-0000,3362
F6936-0000,3510
F6937-0000,3723
F6939-0000,3511
F6940-0000,3363
F6943-0000,3512
F6945-0000,3724
F6946-0000,3364
F6947-0000,3365
F6950-0000,3366
F6953-0000,3367
F6954-0000,3368
F6955-0000,3513
F6956-0000,3725
F6957-0000,3514
F6958-0000,3726
F6960-0000,3727
F6972-0000,3369
F6973-0000,3370
F6974-0000,3515
F6975-0000,3371
F6976-0000,3372
F6977-0000,3516
F6978-0000,3728
F6981-0000,3729
F6984-0000,3373
F6985-0000,3517
F6986-0000,3730
F6988-0000,3731
F6989-0000,3732
F6993-0000,3733
F6996-0000,3734
F7015-0000,3626
F7016-0000,3627
F7018-0000,3735
F7019-0000,3736
F7020-0000,3628
F7021-0000,3629
F7027-0000,3737
F7029-0000,3738
F7030-0000,3546
F7031-0000,3739
F7032-0000,3740
F7033-0000,3630
F7035-0000,3741
F7036-0000,3742
F7037-0000,3743
F7038-0000,3631
F7039-0000,3632
F7047-0000,3818
F7048-0000,2674
F7049-0000,3374
F7050-0000,3375
F7057-0000,3744
F7058-0000,3745
F7059-0000,3746
F7062-0000,3747
F7070-0000,4232
F7086-0000,3748
F7087-0000,3749
F7092-0000,3919
F7093-0000,4350
F7097-0000,4351
F7099-0000,4256
F7100-0000,3982
F7101-0000,4257
F7102-0000,4636
F7110-0000,3750
F7154-0000,3819
F7155-0000,3820
F7156-0000,3821
F7161-0000,3841
F7167-0000,4352
F7168-0000,4233
F7169-0000,4234
F7170-0000,4258
F7171-0000,3920
F7172-0000,3983
F7173-0000,3984
F7175-0000,3858
F7182-0000,3921
F7184-0000,3922
F7185-0000,3985
F7188-0000,3986
F7193-0000,3822
F7204-0000,3869
F7205-0000,3987
F7206-0000,3988
F7207-0000,3989
F7218-0000,3923
F7237-0000,3924
F7238-0000,3925
F7239-0000,3990
F7240-0000,3859
F7243-0000,3860
F7249-0000,4235
F7272-0000,3926
F7275-0000,3851
F7285-0000,3861
F7286-0000,4002
F7291-0000,3862
F7294-0000,4003
F7300-0000,4022
F7301-0000,4023
F7302-0000,4583
F7323-0000,4004
F7324-0000,4005
F7325-0000,4006
F7326-0000,4007
F7327-0000,4008
F7328-0000,4009
F7329-0000,4010
F7342-0000,4253
F7344-0000,4259
F7347-0000,4237
F7349-0000,4286
F7350-0000,4287
F7352-0000,4416
F7353-0000,4417
F7354-0000,4418
F7357-0000,4518
F7358-0000,4519
F7360-0000,4024
F7361-0000,4025
F7363-0000,4321
F7366-0000,4771
F7367-0000,4772
F7369-0000,4773
F7372-0000,4774
F7373-0000,4775
F7377-0000,4841
F7378-0000,4371
F7379-0000,4252
F7380-0000,4885
F7388-0000,4346
F7389-0000,4238
F7390-0000,4239
F7391-0000,4240
F7392-0000,4265
F7393-0000,4254
F7399-0000,4419
F7400-0000,4420
F7401-0000,4421
F7402-0000,4422
F7406-0000,4423
F7408-0000,4424
F7409-0000,4433
F7412-0000,4520
F7413-0000,4521
F7414-0000,4522
F7415-0000,4637
F7417-0000,4638
F7418-0000,4479
F7419-0000,4480
F7421-0000,4523
F7422-0000,4524
F7423-0000,4525
F7424-0000,4526
F7425-0000,4527
F7427-0000,4312
F7428-0000,4313
F7429-0000,4425
F7430-0000,4426
F7431-0000,4481
F7432-0000,4482
F7436-0000,4483
F7440-0000,4499
F7441-0000,4500
F7442-0000,4501
F7443-0000,4502
F7444-0000,4503
F7445-0000,4504
F7446-0000,4505
F7447-0000,4506
F7448-0000,4507
F7449-0000,4508
F7450-0000,4509
F7451-0000,4510
F7453-0000,4511
F7454-0000,4563
F7456-0000,4564
F7458-0000,4565
F7468-0000,4512
F7470-0000,4551
F7472-0000,4566
F7473-0000,4567
F7474-0000,4568
F7475-0000,4569
F7476-0000,4552
F7477-0000,4553
F7478-0000,4570
F7480-0000,4554
F7485-0000,4571
F7486-0000,4572
F7487-0000,4584
F7488-0000,4585
F7489-0000,4586
F7491-0000,4587
F7492-0000,4588
F7495-0000,4654
F7496-0000,4655
F7498-0000,4656
F7502-0000,4657
F7503-0000,4658
F7504-0000,4835
F7505-0000,4836
F7509-0000,4803
F7511-0000,4851
F7513-0000,4528
F7518-0000,4513
F7519-0000,4514
F7520-0000,4515
F7521-0000,4516
F7522-0000,4517
F7523-0000,4529
F7524-0000,4530
F7525-0000,4531
F7526-0000,4532
F7527-0000,4533
F7528-0000,4557
F7529-0000,4573
F7530-0000,4589
F7531-0000,4590
F7532-0000,4558
F7534-0000,4591
F7535-0000,4592
F7536-0000,4593
F7538-0000,4434
F7540-0000,4757
F7541-0000,4837
F7543-0000,4804
F7544-0000,4805
F7545-0000,4806
F7546-0000,4807
F7548-0000,4808
F7549-0000,4809
F7550-0000,4810
F7551-0000,4811
F7557-0000,4820
F7559-0000,4821
F7562-0000,4822
F7563-0000,4823
F7565-0000,4824
F7566-0000,4825
F7567-0000,4826
F7570-0000,4827
F7574-0000,4852
F7579-0000,4435
F7580-0000,4559
F7581-0000,4574
F7583-0000,4575
F7586-0000,4615
F7587-0000,4616
F7588-0000,4581
F7589-0000,4560
F7590-0000,4617
F7591-0000,4618
F7592-0000,4427
F7593-0000,4428
F7594-0000,4429
F7595-0000,4561
F7596-0000,4619
F7597-0000,4620
F7599-0000,4639
F7600-0000,4640
F7602-0000,4680
F7603-0000,4659
F7604-0000,4660
F7606-0000,4838
F7614-0000,5105
F7615-0000,5242
F7616-0000,5123
F7626-0000,4661
F7627-0000,4662
F7628-0000,4663
F7629-0000,4664
F7630-0000,4665
F7631-0000,4666
F7632-0000,4414
F7633-0000,4667
F7635-0000,4668
F7636-0000,4867
F7637-0000,4669
F7638-0000,4670
F7639-0000,4671
F7640-0000,4762
F7641-0000,4763
F7642-0000,4764
F7643-0000,4765
F7644-0000,4766
F7644-0002,4776
F7645-0000,4767
F7646-0000,4768
F7647-0000,4769
F7648-0000,4770
F7649-0000,4812
F7650-0000,4813
F7651-0000,4814
F7653-0000,4815
F7654-0000,4816
F7655-0000,4817
F7656-0000,4818
F7657-0000,4819
F7663-0000,4828
F7670-0000,4829
F7671-0000,4883
F7672-0000,4886
F7744-0000,4868
F7745-0000,4853
F7746-0000,4887
F7747-0000,4854
F7748-0000,4855
F7750-0000,4856
F7752-0000,4888
F7753-0000,4857
F7756-0000,4889
F7757-0000,6361
F7759-0000,4869
F7760-0000,4842
F7761-0000,4843
F7763-0000,4844
F7764-0000,4847
F7765-0000,4845
F7766-0000,4848
F7767-0000,4849
F7768-0000,4850
F7769-0000,4858
F7770-0000,4870
F7771-0000,4871
F7772-0000,4872
F7780-0000,4890
F7782-0000,4859
F7784-0000,5455
F7793-0000,4860
F7795-0000,4873
F7797-0000,4874
F7801-0000,4875
F7802-0000,4876
F7807-0000,4884
F7809-0000,4891
F7810-0000,4892
F7816-0000,5141
F7817-0000,5142
F7829-0000,4893
F7830-0000,4861
F7835-0000,4894
F7836-0000,4895
F7841-0000,4756
F7845-0000,4896
F7846-0000,4897
F7849-0000,4902
F7854-0000,4898
F7859-0000,5011
F7860-0000,5002
F7862-0000,4924
F7864-0000,5143
F7868-0000,5796
F7870-0000,5144
F7873-0000,5145
F7874-0000,5458
F7886-0000,4922
F7892-0000,4947
F7893-0000,4948
F7924-0000,4925
F7926-0000,4926
F7931-0000,4927
F7932-0000,4928
F7934-0000,4929
F7941-0000,5206
F7942-0000,6362
F7946-0000,6038
F7947-0000,6903
F7948-0000,7819
F7957-0000,6084
F7958-0000,5207
F7960-0000,4923
F7978-0000,4995
F7979-0000,4996
F7980-0000,4949
F7983-0000,4997
F7986-0000,5029
F7987-0000,4950
F7988-0000,4951
F7989-0000,4952
F7992-0000,4953
F7995-0000,4954
F7996-0000,4955
F7997-0000,4956
F7998-0000,4957
F7999-0000,4958
F8001-0000,4959
F8003-0000,4960
F8004-0000,4961
F8005-0000,4962
F8007-0000,4963
F8009-0000,5003
F8029-0000,4979
F8031-0000,4980
F8033-0000,4998
F8034-0000,5004
F8035-0000,4964
F8037-0000,4981
F8046-0000,4982
F8047-0000,4983
F8048-0000,5005
F8050-0000,5006
F8052-0000,5030
F8057-0000,5007
F8058-0000,5012
F8059-0000,5013
F8062-0000,4984
F8068-0000,4966
F8078-0000,4965
F8079-0000,4974
F8080-0000,5008
F8081-0000,4967
F8084-0000,5016
F8087-0000,4985
F8089-0000,4986
F8090-0000,4987
F8091-0000,4988
F8094-0000,5009
F8095-0000,5017
F8099-0000,5031
F8100-0000,5018
F8101-0000,5019
F8102-0000,5020
F8103-0000,5065
F8104-0000,5021
F8106-0000,5106
F8116-0000,5470
F8117-0000,5522
F8118-0000,5523
F8119-0000,5727
F8124-0000,5107
F8125-0000,5108
F8126-0000,5109
F8127-0000,5086
F8128-0000,5124
F8129-0000,5125
F8130-0000,5188
F8131-0000,5189
F8133-0000,5126
F8134-0000,5127
F8135-0000,5128
F8137-0000,5015
F8139-0000,5222
F8140-0000,5167
F8141-0000,5223
F8142-0000,5208
F8146-0000,5243
F8147-0000,5219
F8149-0000,5220
F8150-0000,5221
F8151-0000,5209
F8152-0000,5224
F8153-0000,5190
F8154-0000,5191
F8155-0000,5192
F8156-0000,5218
F8157-0000,5193
F8159-0000,5194
F8162-0000,5290
F8163-0000,5291
F8169-0000,5292
F8170-0000,5244
F8171-0000,5225
F8172-0000,5129
F8173-0000,5130
F8174-0000,5131
F8175-0000,5195
F8176-0000,5196
F8177-0000,5132
F8178-0000,5226
F8180-0000,5197
F8192-0000,4972
F8196-0000,5082
F8197-0000,5168
F8198-0000,5169
F8199-0000,5096
F8200-0000,5097
F8201-0000,5098
F8202-0000,5099
F8203-0000,5088
F8204-0000,5170
F8205-0000,5133
F8206-0000,5171
F8207-0000,5172
F8208-0000,5173
F8209-0000,5110
F8210-0000,5111
F8211-0000,5174
F8212-0000,5175
F8215-0000,5112
F8216-0000,5134
F8217-0000,5113
F8218-0000,5135
F8219-0000,5114
F8220-0000,5198
F8221-0000,5176
F8222-0000,5177
F8224-0000,5115
F8225-0000,5178
F8226-0000,5116
F8227-0000,5179
F8228-0000,5180
F8229-0000,5227
F8231-0000,5199
F8232-0000,5210
F8233-0000,5295
F8235-0000,5228
F8236-0000,5296
F8237-0000,5297
F8239-0000,5298
F8240-0000,5299
F8241-0000,5300
F8242-0000,5301
F8243-0000,5302
F8244-0000,5303
F8245-0000,5304
F8246-0000,5252
F8247-0000,5253
F8248-0000,5312
F8250-0000,5313
F8253-0000,5254
F8254-0000,5255
F8255-0000,5256
F8256-0000,5257
F8257-0000,5258
F8258-0000,5259
F8261-0000,5471
F8262-0000,5358
F8263-0000,5472
F8264-0000,5359
F8265-0000,5360
F8266-0000,5361
F8267-0000,5315
F8268-0000,5316
F8270-0000,5456
F8271-0000,5362
F8272-0000,5363
F8273-0000,5364
F8274-0000,5365
F8275-0000,5422
F8276-0000,5423
F8277-0000,5317
F8278-0000,5366
F8279-0000,5424
F8280-0000,5318
F8281-0000,5351
F8282-0000,5352
F8283-0000,5353
F8285-0000,5319
F8286-0000,5320
F8287-0000,5321
F8288-0000,5367
F8289-0000,5322
F8290-0000,5323
F8291-0000,5324
F8292-0000,5325
F8293-0000,5326
F8295-0000,5356
F8296-0000,5368
F8299-0000,5369
F8300-0000,5370
F8303-0000,5473
F8306-0000,5371
F8308-0000,5425
F8309-0000,5426
F8310-0000,5427
F8313-0000,5453
F8314-0000,5428
F8315-0000,5372
F8316-0000,5373
F8317-0000,5429
F8318-0000,5430
F8319-0000,5431
F8320-0000,5432
F8321-0000,5433
F8322-0000,5459
F8323-0000,5474
F8324-0000,5483
F8325-0000,5421
F8326-0000,5484
F8327-0000,5434
F8328-0000,5485
F8329-0000,5454
F8330-0000,5435
F8332-0000,5486
F8333-0000,5436
F8334-0000,5475
F8335-0000,5437
F8336-0000,5476
F8337-0000,5438
F8339-0000,5439
F8340-0000,5457
F8342-0000,5477
F8343-0000,5460
F8344-0000,5478
F8345-0000,5479
F8346-0000,5461
F8347-0000,5480
F8348-0000,5294
F8349-0000,5497
F8350-0000,5440
F8351-0000,5498
F8352-0000,5499
F8353-0000,5500
F8354-0000,5501
F8355-0000,5502
F8356-0000,5503
F8357-0000,5524
F8358-0000,5504
F8359-0000,5525
F8360-0000,5526
F8361-0000,5527
F8362-0000,5528
F8363-0000,5529
F8364-0000,5505
F8367-0000,5530
F8368-0000,5543
F8370-0000,5576
F8371-0000,5563
F8372-0000,5564
F8373-0000,5565
F8374-0000,5566
F8375-0000,5544
F8376-0000,5545
F8377-0000,5531
F8378-0000,5561
F8380-0000,5599
F8381-0000,5649
F8382-0000,5579
F8383-0000,5692
F8384-0000,5663
F8385-0000,5728
F8386-0000,5664
F8392-0000,5211
F8393-0000,5212
F8394-0000,5341
F8395-0000,5100
F8396-0000,5260
F8397-0000,5261
F8398-0000,5327
F8399-0000,5229
F8400-0000,5245
F8401-0000,5374
F8402-0000,5375
F8403-0000,5376
F8406-0000,5532
F8407-0000,5506
F8408-0000,5507
F8409-0000,5533
F8410-0000,5534
F8411-0000,5535
F8412-0000,5536
F8413-0000,5650
F8414-0000,5651
F8415-0000,5652
F8416-0000,5653
F8417-0000,5654
F8418-0000,5655
F8419-0000,5580
F8420-0000,5656
F8421-0000,5619
F8422-0000,5600
F8423-0000,5729
F8424-0000,5730
F8425-0000,5731
F8426-0000,5732
F8428-0000,5101
F8429-0000,5932
F8430-0000,6085
F8431-0000,6060
F8432-0000,6092
F8433-0000,6205
F8434-0000,5342
F8435-0000,5066
F8436-0000,5072
F8437-0000,5073
F8438-0000,5074
F8439-0000,5262
F8440-0000,5305
F8443-0000,5238
F8454-0000,5306
F8459-0000,5487
F8464-0000,5441
F8465-0000,5328
F8466-0000,5442
F8467-0000,5508
F8468-0000,5481
F8469-0000,5575
F8471-0000,5601
F8472-0000,5602
F8473-0000,5657
F8474-0000,5733
F8475-0000,5696
F8476-0000,5734
F8477-0000,5735
F8478-0000,5736
F8479-0000,5695
F8480-0000,5697
F8481-0000,5698
F8483-0000,5737
F8485-0000,5752
F8487-0000,5753
F8488-0000,5738
F8489-0000,5699
F8491-0000,5817
F8492-0000,5860
F8493-0000,5861
F8494-0000,5862
F8495-0000,5818
F8496-0000,5819
F8497-0000,5482
F8498-0000,5665
F8501-0000,5537
F8502-0000,5462
F8503-0000,5546
F8504-0000,5509
F8505-0000,5603
F8507-0000,5630
F8508-0000,5631
F8509-0000,5604
F8510-0000,5581
F8511-0000,5628
F8512-0000,5582
F8513-0000,5605
F8514-0000,5583
F8515-0000,5606
F8517-0000,5632
F8518-0000,5607
F8519-0000,5608
F8520-0000,5739
F8525-0000,5740
F8526-0000,5700
F8527-0000,5754
F8528-0000,5701
F8529-0000,5755
F8530-0000,5756
F8531-0000,5757
F8532-0000,5758
F8533-0000,5759
F8534-0000,5760
F8535-0000,5761
F8536-0000,5762
F8537-0000,5763
F8538-0000,5764
F8539-0000,5765
F8540-0000,5766
F8541-0000,5767
F8543-0000,5702
F8544-0000,5703
F8545-0000,5704
F8546-0000,5741
F8547-0000,5705
F8548-0000,5706
F8549-0000,5707
F8550-0000,5708
F8551-0000,5709
F8553-0000,5710
F8554-0000,5742
F8557-0000,5743
F8558-0000,5863
F8559-0000,5864
F8560-0000,5820
F8561-0000,5865
F8562-0000,5866
F8563-0000,5821
F8564-0000,5969
F8565-0000,5822
F8566-0000,6025
F8567-0000,5823
F8568-0000,5824
F8569-0000,5825
F8570-0000,5826
F8571-0000,5827
F8572-0000,5828
F8573-0000,5829
F8574-0000,5830
F8575-0000,5831
F8576-0000,5832
F8577-0000,5833
F8578-0000,5834
F8579-0000,5835
F8580-0000,5836
F8581-0000,5867
F8582-0000,5797
F8583-0000,5837
F8584-0000,5933
F8585-0000,5838
F8586-0000,6093
F8587-0000,5463
F8589-0000,5567
F8590-0000,5568
F8591-0000,6090
F8592-0000,6565
F8594-0000,6081
F8596-0000,6660
F8597-0000,6855
F8599-0000,5562
F8600-0000,5246
F8601-0000,5247
F8602-0000,5284
F8603-0000,5666
F8604-0000,5785
F8605-0000,6070
F8607-0000,5338
F8608-0000,5510
F8609-0000,5569
F8610-0000,5620
F8612-0000,5633
F8614-0000,5634
F8616-0000,5635
F8617-0000,5636
F8623-0000,5658
F8624-0000,5648
F8626-0000,5744
F8627-0000,5659
F8628-0000,5679
F8629-0000,5667
F8630-0000,5668
F8631-0000,5669
F8632-0000,5547
F8633-0000,5670
F8634-0000,5671
F8635-0000,5680
F8636-0000,5721
F8637-0000,5934
F8638-0000,5745
F8639-0000,5868
F8640-0000,5839
F8641-0000,5869
F8642-0000,5870
F8643-0000,5596
F8645-0000,5871
F8648-0000,5872
F8651-0000,5873
F8652-0000,5840
F8654-0000,5841
F8655-0000,5597
F8656-0000,5842
F8657-0000,5843
F8658-0000,5844
F8661-0000,5874
F8662-0000,5875
F8663-0000,5876
F8664-0000,5877
F8665-0000,5878
F8666-0000,5879
F8667-0000,5880
F8668-0000,5881
F8669-0000,5882
F8670-0000,5845
F8672-0000,5846
F8673-0000,5847
F8674-0000,5999
F8675-0000,6000
F8678-0000,6026
F8679-0000,6001
F8681-0000,6002
F8682-0000,5968
F8683-0000,6003
F8684-0000,6027
F8685-0000,6028
F8686-0000,6029
F8687-0000,6030
F8689-0000,6031
F8691-0000,6041
F8692-0000,6004
F8694-0000,6032
F8695-0000,5967
F8696-0000,6119
F8699-0000,6133
F8700-0000,6094
F8702-0000,6079
F8703-0000,6127
F8705-0000,6206
F8706-0000,6227
F8707-0000,6228
F8708-0000,6231
F8709-0000,6207
F8710-0000,6208
F8711-0000,6209
F8712-0000,6229
F8713-0000,6247
F8714-0000,6232
F8716-0000,5786
F8718-0000,5787
F8719-0000,5788
F8720-0000,5798
F8721-0000,5935
F8722-0000,5985
F8723-0000,5986
F8727-0000,6033
F8729-0000,5618
F8730-0000,5970
F8731-0000,6005
F8735-0000,5971
F8736-0000,5972
F8737-0000,5936
F8738-0000,5937
F8739-0000,5938
F8740-0000,5973
F8741-0000,5987
F8742-0000,5988
F8745-0000,5939
F8746-0000,5940
F8747-0000,5974
F8748-0000,5975
F8749-0000,5976
F8750-0000,5941
F8751-0000,5942
F8753-0000,5943
F8754-0000,5944
F8757-0000,5989
F8759-0000,5945
F8763-0000,6042
F8764-0000,6061
F8765-0000,6043
F8766-0000,6044
F8767-0000,6062
F8768-0000,6063
F8769-0000,6095
F8770-0000,6096
F8774-0000,6488
F8775-0000,6058
F8777-0000,6120
F8778-0000,6236
F8779-0000,6121
F8780-0000,6122
F8781-0000,6097
F8782-0000,6098
F8783-0000,6213
F8784-0000,6099
F8785-0000,6248
F8787-0000,6237
F8788-0000,6220
F8789-0000,6238
F8790-0000,6045
F8791-0000,6091
F8792-0000,6064
F8795-0000,5792
F8798-0000,6178
F8799-0000,6179
F8800-0000,6151
F8801-0000,6180
F8802-0000,6181
F8803-0000,6182
F8804-0000,6183
F8805-0000,6184
F8806-0000,6152
F8807-0000,6153
F8808-0000,6134
F8809-0000,6154
F8810-0000,6155
F8811-0000,6156
F8812-0000,6193
F8814-0000,6249
F8816-0000,6239
F8817-0000,6250
F8818-0000,6251
F8819-0000,6252
F8820-0000,6267
F8821-0000,6313
F8822-0000,6296
F8823-0000,6264
F8824-0000,6314
F8825-0000,6117
F8826-0000,6135
F8827-0000,6114
F8829-0000,6359
F8831-0000,6310
F8834-0000,6324
F8835-0000,6363
F8836-0000,6325
F8837-0000,6265
F8839-0000,6364
F8840-0000,6276
F8841-0000,6365
F8842-0000,6071
F8843-0000,6059
F8844-0000,6128
F8845-0000,6136
F8846-0000,6210
F8847-0000,6100
F8848-0000,6315
F8849-0000,6326
F8850-0000,6327
F8851-0000,6328
F8852-0000,6329
F8853-0000,6330
F8854-0000,6331
F8855-0000,6332
F8856-0000,6333
F8857-0000,6334
F8858-0000,6335
F8859-0000,6366
F8860-0000,6367
F8861-0000,6466
F8862-0000,6433
F8863-0000,6336
F8869-0000,6467
F8870-0000,6468
F8873-0000,6337
F8874-0000,6338
F8875-0000,6339
F8876-0000,6340
F8877-0000,6341
F8878-0000,6342
F8879-0000,6343
F8880-0000,6344
F8881-0000,6368
F8882-0000,6369
F8883-0000,6448
F8884-0000,6370
F8887-0000,6360
F8888-0000,6521
F8889-0000,6371
F8892-0000,6198
F8893-0000,6211
F8894-0000,6101
F8896-0000,6297
F8897-0000,6123
F8898-0000,6124
F8899-0000,6298
F8900-0000,6435
F8902-0000,6372
F8903-0000,6373
F8905-0000,6277
F8906-0000,6374
F8907-0000,6375
F8908-0000,6376
F8909-0000,6377
F8911-0000,6224
F8912-0000,6225
F8913-0000,6226
F8914-0000,6480
F8915-0000,6601
F8916-0000,6161
F8917-0000,6162
F8918-0000,6163
F8921-0000,6164
F8922-0000,6165
F8925-0000,6166
F8927-0000,6240
F8929-0000,6167
F8930-0000,6137
F8934-0000,6168
F8935-0000,6169
F8938-0000,6138
F8939-0000,6197
F8960-0000,6345
F8961-0000,6378
F8963-0000,6452
F8964-0000,6453
F8965-0000,6454
F8966-0000,6801
F8967-0000,6802
F8968-0000,6803
F8969-0000,6804
F8970-0000,6805
F8971-0000,6806
F8972-0000,6379
F8973-0000,6807
F8974-0000,6835
F8975-0000,6808
F8976-0000,6380
F8977-0000,6381
F8978-0000,6477
F8979-0000,6809
F8980-0000,6455
F8981-0000,6456
F8982-0000,6382
F8983-0000,6457
F8986-0000,6383
F8987-0000,6384
F8988-0000,6385
F8989-0000,6386
F8990-0000,6387
F8991-0000,6810
F8992-0000,6618
F8993-0000,6568
F8997-0000,6569
F9000-0000,6570
F9001-0000,6522
F9002-0000,6523
F9003-0000,6524
F9004-0000,6525
F9005-0000,6434
F9006-0000,6634
F9007-0000,6674
F9008-0000,6675
F9009-0000,6711
F9010-0000,6710
F9011-0000,6632
F9015-0000,6526
F9016-0000,6527
F9017-0000,6528
F9018-0000,6571
F9019-0000,6529
F9020-0000,6530
F9021-0000,6531
F9022-0000,6532
F9023-0000,6533
F9025-0000,6534
F9026-0000,6572
F9028-0000,6278
F9029-0000,6268
F9031-0000,6269
F9032-0000,6270
F9033-0000,6271
F9034-0000,6311
F9038-0000,6346
F9039-0000,6388
F9040-0000,6389
F9041-0000,6390
F9044-0000,6563
F9045-0000,6573
F9047-0000,6535
F9049-0000,6508
F9050-0000,6536
F9052-0000,6509
F9053-0000,6623
F9054-0000,6624
F9055-0000,6625
F9056-0000,6626
F9057-0000,6627
F9058-0000,6628
F9059-0000,6629
F9061-0000,6272
F9063-0000,6391
F9065-0000,6574
F9066-0000,6564
F9067-0000,6749
F9068-0000,6590
F9070-0000,6635
F9071-0000,6636
F9072-0000,6637
F9073-0000,6638
F9074-0000,6603
F9075-0000,6639
F9076-0000,6640
F9077-0000,6641
F9078-0000,6642
F9079-0000,6643
F9080-0000,6604
F9081-0000,6657
F9082-0000,6605
F9083-0000,6606
F9084-0000,6607
F9085-0000,6608
F9086-0000,6609
F9088-0000,6676
F9089-0000,6644
F9090-0000,6921
F9092-0000,6904
F9093-0000,6856
F9094-0000,6118
F9095-0000,6392
F9096-0000,6393
F9097-0000,6394
F9098-0000,6395
F9099-0000,6616
F9100-0000,6515
F9101-0000,6567
F9103-0000,6659
F9104-0000,6667
F9105-0000,6689
F9106-0000,6712
F9107-0000,6690
F9108-0000,6691
F9109-0000,6692
F9110-0000,6693
F9111-0000,6694
F9112-0000,6695
F9113-0000,6898
F9114-0000,6899
F9115-0000,6517
F9116-0000,6960
F9117-0000,6900
F9118-0000,6901
F9121-0000,6566
F9122-0000,6347
F9124-0000,6575
F9125-0000,6537
F9127-0000,6576
F9128-0000,6577
F9129-0000,6578
F9130-0000,6579
F9131-0000,6538
F9132-0000,6580
F9133-0000,6617
F9134-0000,6661
F9135-0000,6630
F9136-0000,6662
F9137-0000,6631
F9138-0000,6666
F9139-0000,6645
F9140-0000,6591
F9143-0000,6884
F9144-0000,6610
F9146-0000,6705
F9147-0000,6706
F9148-0000,6696
F9149-0000,6697
F9151-0000,6885
F9152-0000,6922
F9153-0000,6811
F9154-0000,6902
F9155-0000,7041
F9156-0000,7042
F9158-0000,6923
F9160-0000,6481
F9161-0000,6436
F9162-0000,6489
F9163-0000,6437
F9164-0000,6482
F9165-0000,6474
F9166-0000,6475
F9167-0000,6438
F9168-0000,6469
F9169-0000,6470
F9170-0000,6473
F9171-0000,6439
F9172-0000,6440
F9173-0000,6441
F9174-0000,6442
F9175-0000,6443
F9176-0000,6450
F9177-0000,6444
F9178-0000,6471
F9179-0000,6472
F9180-0000,6445
F9181-0000,6446
F9182-0000,6447
F9183-0000,6451
F9184-0000,6963
F9185-0000,6936
F9186-0000,6964
F9187-0000,6965
F9188-0000,6937
F9189-0000,6938
F9190-0000,6966
F9191-0000,6967
F9192-0000,6919
F9193-0000,6968
F9194-0000,7043
F9195-0000,6939
F9196-0000,7044
F9197-0000,6969
F9198-0000,6970
F9199-0000,7045
F9221-0000,6323
F9222-0000,6358
F9223-0000,6496
F9224-0000,6510
F9225-0000,6940
F9226-0000,6611
F9227-0000,6476
F9228-0000,6886
F9229-0000,6750
F9230-0000,6812
F9231-0000,6813
F9232-0000,6814
F9233-0000,6751
F9234-0000,6752
F9235-0000,6753
F9236-0000,6857
F9237-0000,6836
F9238-0000,6837
F9239-0000,6844
F9240-0000,6838
F9241-0000,6839
F9242-0000,6858
F9243-0000,6881
F9244-0000,6882
F9245-0000,6815
F9246-0000,6859
F9247-0000,6860
F9248-0000,6897
F9249-0000,6905
F9251-0000,6971
F9252-0000,7013
F9253-0000,6972
F9254-0000,6924
F9255-0000,7014
F9256-0000,6845
F9257-0000,6973
F9259-0000,7015
F9260-0000,7016
F9261-0000,7017
F9262-0000,7018
F9263-0000,7019
F9264-0000,7020
F9265-0000,6974
F9266-0000,7038
F9267-0000,7116
F9268-0000,7039
F9269-0000,7040
F9270-0000,7060
F9272-0000,7061
F9273-0000,6877
F9275-0000,7084
F9276-0000,7102
F9277-0000,7103
F9279-0000,7104
F9280-0000,6887
F9282-0000,7105
F9284-0000,7085
F9286-0000,6861
F9287-0000,6862
F9289-0000,6863
F9292-0000,6864
F9293-0000,7106
F9300-0000,6754
F9301-0000,6816
F9302-0000,6755
F9303-0000,6817
F9304-0000,6961
F9305-0000,7068
F9306-0000,6865
F9308-0000,6878
F9309-0000,7179
F9310-0000,7219
F9311-0000,7220
F9313-0000,7180
F9314-0000,7161
F9315-0000,7143
F9316-0000,7181
F9317-0000,7221
F9318-0000,7203
F9319-0000,7159
F9320-0000,6888
F9321-0000,6849
F9322-0000,6850
F9323-0000,7118
F9324-0000,7119
F9326-0000,7021
F9327-0000,6925
F9328-0000,6926
F9329-0000,7062
F9330-0000,7063
F9331-0000,7120
F9332-0000,7121
F9333-0000,7144
F9335-0000,6975
F9336-0000,6976
F9337-0000,6977
F9338-0000,6978
F9339-0000,6822
F9340-0000,6828
F9341-0000,6829
F9342-0000,6830
F9343-0000,6834
F9346-0000,7046
F9347-0000,6979
F9348-0000,6980
F9349-0000,7086
F9350-0000,7087
F9351-0000,7088
F9352-0000,7089
F9353-0000,7022
F9354-0000,7090
F9355-0000,7091
F9356-0000,7122
F9357-0000,7082
F9358-0000,6669
F9359-0000,7145
F9360-0000,6658
F9361-0000,6670
F9362-0000,7123
F9364-0000,7146
F9366-0000,7147
F9367-0000,7162
F9368-0000,6665
F9369-0000,7163
F9370-0000,7164
F9371-0000,7182
F9372-0000,7124
F9375-0000,7160
F9376-0000,7183
F9378-0000,7184
F9379-0000,7185
F9381-0000,7186
F9382-0000,7187
F9383-0000,7165
F9384-0000,7166
F9386-0000,7083
F9387-0000,7471
F9388-0000,7497
F9389-0000,7030
F9390-0000,6981
F9391-0000,6982
F9392-0000,6983
F9393-0000,7031
F9394-0000,7032
F9395-0000,6941
F9396-0000,6942
F9397-0000,6984
F9398-0000,6985
F9399-0000,6943
F9400-0000,6944
F9401-0000,6986
F9402-0000,6987
F9403-0000,6945
F9404-0000,7033
F9405-0000,7047
F9406-0000,6946
F9407-0000,7034
F9408-0000,7048
F9409-0000,7049
F9410-0000,6988
F9411-0000,6989
F9412-0000,7036
F9413-0000,6990
F9414-0000,7035
F9415-0000,7023
F9417-0000,7167
F9420-0000,7148
F9421-0000,7239
F9422-0000,7064
F9423-0000,7251
F9424-0000,7237
F9425-0000,7252
F9426-0000,7240
F9427-0000,7253
F9429-0000,7277
F9430-0000,7254
F9431-0000,7255
F9432-0000,7820
F9434-0000,7296
F9435-0000,7278
F9436-0000,7297
F9437-0000,7298
F9438-0000,7279
F9439-0000,7299
F9440-0000,7300
F9441-0000,7301
F9442-0000,7302
F9443-0000,7303
F9444-0000,7275
F9445-0000,7304
F9446-0000,7280
F9447-0000,7332
F9448-0000,7222
F9449-0000,7168
F9450-0000,7256
F9451-0000,7257
F9452-0000,7223
F9453-0000,7149
F9454-0000,7125
F9455-0000,7150
F9456-0000,7169
F9457-0000,7151
F9458-0000,7281
F9459-0000,7258
F9460-0000,7305
F9461-0000,7282
F9462-0000,7306
F9463-0000,7307
F9464-0000,7308
F9465-0000,7241
F9466-0000,7242
F9467-0000,7329
F9468-0000,7259
F9469-0000,7243
F9470-0000,7309
F9471-0000,7310
F9472-0000,7311
F9473-0000,7312
F9475-0000,7313
F9476-0000,7333
F9478-0000,7314
F9479-0000,7334
F9480-0000,7276
F9481-0000,7335
F9482-0000,7336
F9483-0000,7337
F9484-0000,7338
F9486-0000,7385
F9487-0000,7363
F9488-0000,7364
F9489-0000,7415
F9490-0000,7416
F9491-0000,7365
F9492-0000,7386
F9493-0000,7315
F9497-0000,7366
F9498-0000,7367
F9500-0000,7387
F9501-0000,7368
F9502-0000,7388
F9503-0000,7244
F9504-0000,7389
F9505-0000,7362
F9506-0000,7360
F9507-0000,7361
F9508-0000,7472
F9511-0000,7245
F9512-0000,7152
F9513-0000,7153
F9515-0000,7170
F9516-0000,7171
F9517-0000,7224
F9518-0000,7225
F9519-0000,7238
F9520-0000,7204
F9521-0000,7226
F9522-0000,7205
F9523-0000,7218
F9524-0000,7206
F9525-0000,7227
F9526-0000,7390
F9527-0000,7358
F9528-0000,7330
F9529-0000,7283
F9530-0000,7316
F9531-0000,7339
F9532-0000,7417
F9533-0000,7418
F9534-0000,7369
F9535-0000,7370
F9536-0000,7371
F9537-0000,7391
F9538-0000,7372
F9539-0000,7392
F9540-0000,7393
F9541-0000,7394
F9542-0000,7373
F9543-0000,7498
F9544-0000,7460
F9545-0000,7419
F9546-0000,7359
F9547-0000,7475
F9548-0000,7516
F9549-0000,7476
F9550-0000,7477
F9551-0000,7517
F9552-0000,7478
F9553-0000,7535
F9559-0000,7228
F9560-0000,7260
F9561-0000,7246
F9562-0000,7247
F9563-0000,7126
F9564-0000,7127
F9566-0000,7284
F9568-0000,7317
F9569-0000,7420
F9570-0000,7340
F9571-0000,7374
F9572-0000,7395
F9573-0000,7396
F9575-0000,7341
F9576-0000,7375
F9577-0000,7342
F9578-0000,7376
F9579-0000,7377
F9580-0000,7378
F9582-0000,7511
F9585-0000,7514
F9586-0000,7499
F9587-0000,7479
F9588-0000,7480
F9589-0000,7481
F9590-0000,7482
F9591-0000,7421
F9593-0000,7483
F9594-0000,7484
F9595-0000,7515
F9596-0000,7543
F9597-0000,7603
F9598-0000,7462
F9599-0000,7618
F9600-0000,7555
F9601-0000,7611
F9602-0000,7544
F9603-0000,7604
F9604-0000,7619
F9605-0000,7670
F9607-0000,7621
F9608-0000,7556
F9609-0000,7557
F9610-0000,7422
F9611-0000,7423
F9612-0000,7636
F9613-0000,7668
F9614-0000,7669
F9615-0000,7626
F9616-0000,7627
F9617-0000,7637
F9618-0000,7628
F9619-0000,7629
F9620-0000,7638
F9621-0000,7639
F9622-0000,7630
F9623-0000,7640
F9624-0000,7664
F9625-0000,7641
F9626-0000,7642
F9627-0000,7643
F9628-0000,7644
F9629-0000,7665
F9630-0000,7645
F9631-0000,7646
F9632-0000,7647
F9633-0000,7648
F9634-0000,7649
F9635-0000,7650
F9636-0000,7651
F9637-0000,7631
F9638-0000,7632
F9639-0000,7652
F9640-0000,7633
F9641-0000,7634
F9642-0000,7653
F9643-0000,7654
F9644-0000,7635
F9645-0000,7655
F9646-0000,7666
F9647-0000,7656
F9648-0000,7657
F9649-0000,7658
F9650-0000,7659
F9651-0000,7667
F9652-0000,7660
F9653-0000,7661
F9654-0000,7662
F9655-0000,7663
F9658-0000,7548
F9659-0000,7485
F9662-0000,7507
F9663-0000,7508
F9664-0000,7465
F9666-0000,7466
F9668-0000,7467
F9669-0000,7500
F9670-0000,7469
F9671-0000,7470
F9672-0000,7510
F9673-0000,7536
F9676-0000,7558
F9677-0000,7552
F9678-0000,7559
F9679-0000,7567
F9680-0000,7568
F9681-0000,7612
F9682-0000,7683
F9683-0000,7684
F9684-0000,7685
F9685-0000,7773
F9686-0000,7686
F9687-0000,7687
F9689-0000,7708
F9690-0000,7716
F9691-0000,7613
F9692-0000,7707
F9694-0000,7518
F9695-0000,7519
F9696-0000,7520
F9697-0000,7521
F9698-0000,7522
F9699-0000,7523
F9700-0000,7537
F9701-0000,7538
F9702-0000,7569
F9704-0000,7689
F9705-0000,7717
F9706-0000,7701
F9707-0000,7842
F9708-0000,7871
F9709-0000,7755
F9710-0000,7878
F9711-0000,7986
F9712-0000,8053
F9713-0000,7970
F9715-0000,7553
F9716-0000,7593
F9717-0000,7741
F9719-0000,7570
F9720-0000,7571
F9721-0000,7572
F9722-0000,7594
F9724-0000,7959
F9725-0000,7960
F9726-0000,8008
F9727-0000,7993
F9728-0000,7573
F9729-0000,7595
F9730-0000,7718
F9731-0000,7719
F9732-0000,7742
F9735-0000,7796
F9736-0000,7797
F9737-0000,7780
F9738-0000,7818
F9739-0000,7781
F9740-0000,7798
F9741-0000,7799
F9743-0000,7782
F9744-0000,7783
F9745-0000,7784
F9746-0000,7785
F9747-0000,7786
F9748-0000,7787
F9749-0000,7788
F9750-0000,7800
F9751-0000,7801
F9752-0000,7802
F9753-0000,7904
F9754-0000,7905
F9755-0000,7927
F9756-0000,7879
F9757-0000,7906
F9758-0000,7907
F9759-0000,7880
F9760-0000,7908
F9761-0000,7909
F9762-0000,7881
F9763-0000,7882
F9764-0000,7883
F9766-0000,7884
F9767-0000,7885
F9770-0000,7832
F9772-0000,7910
F9773-0000,7911
F9774-0000,7952
F9776-0000,7912
F9779-0000,7913
F9782-0000,7614
F9783-0000,7615
F9784-0000,7671
F9785-0000,7672
F9787-0000,7605
F9788-0000,7673
F9789-0000,7763
F9790-0000,7743
F9791-0000,7789
F9792-0000,7821
F9793-0000,7803
F9795-0000,7914
F9796-0000,7915
F9797-0000,7916
F9798-0000,7886
F9800-0000,7887
F9801-0000,7917
F9802-0000,7874
F9803-0000,7987
F9804-0000,8009
F9805-0000,7928
F9806-0000,7929
F9814-0000,7744
F9815-0000,7757
F9816-0000,7745
F9817-0000,7746
F9818-0000,7747
F9820-0000,7822
F9821-0000,7813
F9823-0000,7853
F9825-0000,7815
F9826-0000,7833
F9827-0000,7930
F9828-0000,7834
F9829-0000,7835
F9830-0000,7854
F9831-0000,7823
F9832-0000,7888
F9833-0000,7889
F9834-0000,7804
F9835-0000,7890
F9836-0000,7736
F9837-0000,7931
F9838-0000,7932
F9839-0000,7961
F9840-0000,7962
F9843-0000,7972
F9844-0000,7994
F9845-0000,7971
F9846-0000,8069
F9847-0000,8026
F9848-0000,8080
F9850-0000,8102
F9851-0000,8103
F9852-0000,8104
F9854-0000,8027
F9855-0000,8081
F9856-0000,8028
F9858-0000,8029
F9894-0000,7748
F9896-0000,8030
F9898-0000,7963
F9899-0000,8010
F9903-0000,7790
F9904-0000,7774
F9905-0000,7875
F9906-0000,7850
F9907-0000,7901
F9909-0000,7873
F9910-0000,7851
F9913-0000,8025
F9918-0000,7926
F9919-0000,7992
F9921-0000,8082
F9923-0000,7983
F9924-0000,8083
F9925-0000,8070
F9927-0000,8126
F9928-0000,8136
F9931-0000,7984
F9932-0000,8084
F9948-0000,8085
F9949-0000,8152
F9950-0000,8153
F9960-0000,8105
F9961-0000,8127
F9962-0000,8137
F9963-0000,8138
F9965-0000,8106
F9985-0000,7985
F9986-0000,8071
F9987-0000,8139
F9994-0000,8037
F9995-0000,8047
F9996-0000,8048
F9997-0000,8038
F9998-0000,8039
F9999-0000,8040
G0000-0000,8054
G0001-0000,8049
G0002-0000,8050
G0005-0000,8086
G0006-0000,8128
G0013-0000,8055
G0014-0000,8056
G0015-0000,8057
G0016-0000,8121
IBS69-0000,5413
IBS91-0000,5414
ID149-0000,5392
ID166-0000,5411
ID167-0000,5400
ID972-0000,5397
IDF78-0000,5401
IDF79-0000,5398
IDG13-0000,5404
IDZ33-0000,5412
IDZ34-0000,5395
IE800-0000,4779
IEG60-0000,4780
IER04-0000,5389
IES45-0000,5405
IES46-0000,5390
IES47-0000,5408
IES69-0000,5406
IES71-0000,5403
IES74-0000,5407
IET91-0000,5394
IEY59-0000,5388
IEZ93-0000,5409
IEZ94-0000,5396
IEZ95-0000,5391
IEZ97-0000,5410
IF119-0000,5402
IFF34-0000,4778
IFF71-0000,5386
IFF73-0000,5387
IFM21-0000,4777
IFM31-0000,5399
IFM33-0000,5393
IFS81-0000,5385
II5LH-0000,2675
II5LI-0000,2676
II5LJ-0000,2677
II5LK-0000,2678
II5LL-0000,2679
II5LM-0000,2680
II5LU-0000,2681
II5LV-0000,2682
II5LW-0000,2683
II5NT-0000,2684
II5XB-0000,2685
II5XE-0000,2686
II5XH-0000,2687
II5XK-0000,2688
II60B-0000,2689
II63A-0000,2690
II65M-0000,3376
II68L-0000,2691
II6DQ-0000,2692
II6FD-0000,2693
II6FE-0000,2694
II6GY-0000,2695
II6GZ-0000,2696
II6H4-0000,2697
II6H6-0000,2698
II6HD-0000,2699
II6IL-0000,2700
II6IO-0000,2701
II6IP-0000,2702
II6IQ-0000,2703
II6JA-0000,2704
II6JM-0000,2705
II6KM-0000,2706
II6KN-0000,2707
II6KP-0000,2708
II6KQ-0000,2709
II6KR-0000,2710
II6KU-0000,2711
II6KW-0000,2712
II6L1-0000,2713
II6L2-0000,2714
II6L3-0000,2715
II6L4-0000,2716
II6L5-0000,2717
II6L6-0000,2718
II6L7-0000,2719
II6L8-0000,2720
II6L9-0000,2721
II6LB-0000,2722
II6LC-0000,2723
II6LO-0000,2724
II6MA-0000,2725
II6ME-0000,2726
II6MK-0000,2727
II6ML-0000,2728
II6MQ-0000,2729
II6N0-0000,2730
II6NB-0000,2731
II6NE-0000,2732
II6NF-0000,2733
II6NG-0000,2734
II6NH-0000,2735
II6NI-0000,2736
II6NM-0000,2737
II6NN-0000,2738
II6NO-0000,2739
II6NR-0000,2740
II6O6-0000,2741
II6O7-0000,2742
II6O8-0000,2743
II6OF-0000,2744
II6OG-0000,2745
II6OL-0000,2746
II6PD-0000,2747
II6PE-0000,2748
II6PH-0000,2749
II6PI-0000,2750
II6PJ-0000,2751
II6PP-0000,2752
II6PQ-0000,2753
II6PR-0000,2754
II6PT-0000,2755
II6PX-0000,2756
II6Q1-0000,2757
II6Q2-0000,2758
II6Q3-0000,2759
II6Q4-0000,2760
II6Q6-0000,2761
II6Q8-0000,2762
II6QA-0000,2763
II6QB-0000,2764
II6QE-0000,2765
II6QF-0000,2766
II6QO-0000,2767
II6QP-0000,2768
II6QU-0000,2769
II6QV-0000,2770
II6QW-0000,2771
II6QX-0000,2772
II6QY-0000,2773
II6QZ-0000,2774
II6R0-0000,2775
II6R1-0000,2776
II6R2-0000,2777
II6R3-0000,2778
II6R4-0000,2779
II6R5-0000,2780
II6R6-0000,2781
II6R7-0000,2782
II6R8-0000,2783
II6R9-0000,2784
II6RA-0000,2785
II6RB-0000,2786
II6RC-0000,2787
II6RD-0000,2788
II6RE-0000,2789
II6RF-0000,2790
II6RG-0000,2791
II6RH-0000,2792
II6RI-0000,2793
II6RJ-0000,2794
II6RK-0000,2795
II6RL-0000,2796
II6RM-0000,2797
II6RN-0000,2798
II6RO-0000,2799
II6RP-0000,2800
II6RQ-0000,2801
II6RV-0000,2802
II6RX-0000,2803
II6S0-0000,2804
II6S8-0000,2805
II6SP-0000,2806
II6T1-0000,2807
II6T2-0000,2808
II6T3-0000,2809
II6T4-0000,2810
II6T5-0000,2811
II6T6-0000,2812
II6T7-0000,2813
II6T8-0000,2814
II6TF-0000,2815
II6TG-0000,2816
II6TH-0000,2817
II6TK-0000,2818
II6TO-0000,2819
II6TP-0000,2820
II6TQ-0000,2821
II6TR-0000,2822
II6TU-0000,2823
II6TV-0000,2824
II6TW-0000,2825
II6TX-0000,2826
II6TY-0000,2827
II6U1-0000,2828
II6U2-0000,2829
II6U3-0000,2830
II6U5-0000,2831
II6U6-0000,2832
II6U7-0000,2833
II6U8-0000,2834
II6UG-0000,2835
II6UH-0000,2836
II6UI-0000,2837
II6UJ-0000,2838
II6UK-0000,2839
II6UN-0000,2840
II6V2-0000,2841
II6V8-0000,2842
II6VC-0000,2843
II6W3-0000,2844
II6W4-0000,2845
II6WA-0000,2846
II6WB-0000,2847
II6WC-0000,2848
II6WD-0000,2849
II6WO-0000,2850
II6WP-0000,2851
II6WQ-0000,2852
II6WR-0000,2853
II6WT-0000,2854
II6WU-0000,2855
II6WV-0000,2856
II6WY-0000,2857
II6WZ-0000,2858
II6X0-0000,2859
II6X1-0000,2860
II6X2-0000,2861
II6X5-0000,2862
II6XB-0000,2863
II6XC-0000,2864
II6XD-0000,2865
II6XE-0000,2866
II6XF-0000,2867
II6XG-0000,2868
II6XJ-0000,2869
II6XK-0000,2870
II6XL-0000,2871
II6XM-0000,2872
II6XN-0000,2873
II6XO-0000,2874
II6XP-0000,2875
II6XQ-0000,2876
II6XW-0000,2877
II6XX-0000,2878
II6XY-0000,2879
II6XZ-0000,2880
II6Y3-0000,2881
II6Y4-0000,2882
II6Y5-0000,2883
II6Y6-0000,2884
II6Y7-0000,2885
II6Y8-0000,2886
II6Y9-0000,2887
II6YK-0000,2888
II6YL-0000,2889
II6YM-0000,2890
II6YN-0000,2891
II6YO-0000,2892
II6YU-0000,2893
II6YX-0000,2894
II6YY-0000,2895
II6YZ-0000,2896
II6Z0-0000,2897
II6Z1-0000,2898
II6Z2-0000,2899
II6Z3-0000,2900
II6Z4-0000,2901
II6Z5-0000,2902
II6Z6-0000,2903
II6Z7-0000,2904
II6Z8-0000,2905
II6Z9-0000,2906
II6ZA-0000,2907
II6ZB-0000,2908
II6ZC-0000,2909
II6ZD-0000,2910
II6ZE-0000,2911
II6ZF-0000,2912
II6ZG-0000,2913
II6ZH-0000,2914
II6ZM-0000,2915
II718-0000,2916
II719-0000,2917
II71A-0000,2918
II71B-0000,2919
II71C-0000,2920
II71E-0000,2921
II71F-0000,2922
II71G-0000,2923
II71H-0000,2924
II71I-0000,2925
II71J-0000,2926
II71T-0000,2927
II71U-0000,2928
II71Y-0000,2929
II71Z-0000,2930
II727-0000,2931
II72D-0000,2932
II72E-0000,2933
II72F-0000,2934
II72G-0000,2935
II72R-0000,2936
II72S-0000,2937
II732-0000,2938
II736-0000,2939
II737-0000,2940
II739-0000,2941
II73C-0000,2942
II73E-0000,2943
II73P-0000,2944
II73Q-0000,2945
II73R-0000,2946
II73S-0000,2947
II73T-0000,2948
II73Z-0000,3751
II747-0000,2949
II74A-0000,2950
II74D-0000,2951
II74E-0000,2952
II74F-0000,2953
II74G-0000,2954
II74H-0000,2955
II74J-0000,2956
II74K-0000,2957
II74L-0000,2958
II74M-0000,2959
II74N-0000,2960
II74O-0000,2961
II74P-0000,2962
II74Q-0000,2963
II74R-0000,2964
II74S-0000,2965
II74T-0000,2966
II74U-0000,2967
II74V-0000,2968
II74W-0000,2969
II753-0000,2970
II754-0000,2971
II755-0000,2972
II756-0000,2973
II757-0000,2974
II75B-0000,2975
II75C-0000,2976
II7C7-0000,2977
II7D8-0000,2978
II7D9-0000,2979
II7DI-0000,2980
II7DJ-0000,2981
II7DK-0000,2982
II7DL-0000,2983
II7DM-0000,2984
II7DN-0000,2985
II7DO-0000,2986
II7DQ-0000,3377
II7DR-0000,3378
II7DS-0000,3752
II7DT-0000,3379
II7DU-0000,3753
II7DX-0000,3530
II7DY-0000,3531
II7DZ-0000,3532
II7E7-0000,2987
II7EG-0000,2988
II7EH-0000,2989
II7EI-0000,2990
II7EJ-0000,2991
II7EK-0000,2992
II7EW-0000,2993
II7F1-0000,2994
II7F2-0000,2995
II7F3-0000,2996
II7F4-0000,2997
II7FF-0000,2998
II7FG-0000,2999
II7FT-0000,3000
II7FU-0000,3001
II7FV-0000,3002
II7FX-0000,3380
II7G1-0000,3003
II7G2-0000,3004
II7G3-0000,3005
II7G4-0000,3006
II7G5-0000,3007
II7G7-0000,3008
II7GA-0000,3009
II7GB-0000,3010
II7GC-0000,3011
II7GD-0000,3012
II7GO-0000,3013
II7GP-0000,3014
II7GQ-0000,3015
II7GR-0000,3016
II7GS-0000,3017
II7GU-0000,3018
II7GV-0000,3019
II7GW-0000,3020
II7GX-0000,3021
II7GY-0000,3022
II7GZ-0000,3023
II7H0-0000,3024
II7H7-0000,3025
II7H8-0000,3026
II7H9-0000,3027
II7HA-0000,3028
II7HB-0000,3029
II7HC-0000,3030
II7HD-0000,3031
II7HE-0000,3032
II7HH-0000,3033
II7J4-0000,3381
II7JB-0000,3034
II7JC-0000,3035
II7JG-0000,3036
II7JH-0000,3037
II7JI-0000,3038
II7JJ-0000,3039
II7JK-0000,3040
II7JL-0000,3041
II7JM-0000,3042
II7JN-0000,3043
II7JO-0000,3044
II7JP-0000,3045
II7JR-0000,3046
II7JS-0000,3047
II7JT-0000,3048
II7JU-0000,3049
II7JV-0000,3050
II7JW-0000,3051
II7JX-0000,3052
II7JY-0000,3053
II7JZ-0000,3054
II7K0-0000,3055
II7KD-0000,3056
II7KE-0000,3057
II7KF-0000,3058
II7KG-0000,3059
II7KH-0000,3060
II7KI-0000,3061
II7KT-0000,3062
II7KU-0000,3063
II7KV-0000,3064
II7KW-0000,3065
II7L2-0000,3066
II7L3-0000,3067
II7L4-0000,3068
II7L5-0000,3069
II7L6-0000,3070
II7L7-0000,3071
II7L8-0000,3072
II7L9-0000,3073
II7LA-0000,3382
II7LB-0000,3074
II7LC-0000,3075
II7LD-0000,3076
II7LE-0000,3383
II7LF-0000,3077
II7LG-0000,3078
II7LH-0000,3079
II7LI-0000,3384
II7LM-0000,3080
II7M6-0000,3081
II7MA-0000,3082
II7MB-0000,3241
II7MC-0000,3385
II7MD-0000,3083
II7MG-0000,3084
II7MI-0000,3085
II7MJ-0000,3086
II7MM-0000,3087
II7MN-0000,3088
II7MO-0000,3089
II7MP-0000,3090
II7MQ-0000,3386
II7MR-0000,3242
II7MS-0000,3243
II7MT-0000,3244
II7MW-0000,3387
II7N2-0000,3245
II7N3-0000,3388
II7N4-0000,3389
II7N5-0000,3091
II7N8-0000,3092
II7N9-0000,3390
II7NA-0000,3391
II7NK-0000,3093
II7NL-0000,3094
II7NM-0000,3095
II7NN-0000,3392
II7NO-0000,3393
II7NP-0000,3394
II7NS-0000,3395
II7NW-0000,3396
II7NX-0000,3397
II7NZ-0000,3398
II7O0-0000,3754
II7O1-0000,3096
II7O2-0000,3097
II7O4-0000,3098
II7OC-0000,3399
II7OD-0000,3400
II7OE-0000,3401
II7OF-0000,3402
II7OG-0000,3403
II7P0-0000,3099
II7P1-0000,3100
II7P2-0000,3101
II7P3-0000,3102
II7P5-0000,3103
II7P6-0000,3104
II7P7-0000,3105
II7P8-0000,3106
II7P9-0000,3107
II7PC-0000,3108
II7PD-0000,3109
II7PE-0000,3110
II7PP-0000,3111
II7PQ-0000,3112
II7PR-0000,3113
II7PS-0000,3114
II7PT-0000,3115
II7PX-0000,3116
II7Q8-0000,3117
II7RC-0000,3118
II7RD-0000,3404
II7RE-0000,3852
II7RF-0000,4488
II7RG-0000,3119
II7RI-0000,4489
II7RJ-0000,3120
II7RL-0000,4490
II7RQ-0000,3405
II7RR-0000,3755
II7RS-0000,3406
II7RT-0000,3872
II7RU-0000,4432
II7RV-0000,3407
II7RW-0000,3873
II7S4-0000,3408
II7S5-0000,3874
II7S7-0000,3409
II7S8-0000,3875
II7SA-0000,3410
II7SB-0000,3876
II7SD-0000,3411
II7SE-0000,3877
II7SG-0000,3412
II7SI-0000,4262
II7SJ-0000,3121
II7SL-0000,4263
II7SM-0000,3413
II7SO-0000,4322
II7SP-0000,3246
II7SR-0000,4323
II7SS-0000,3247
II7SU-0000,4330
II7SV-0000,3248
II7SX-0000,4331
II7TE-0000,3122
II7TH-0000,3878
II7TI-0000,4390
II7TJ-0000,3414
II7TM-0000,3879
II7TN-0000,4430
II7TO-0000,3823
II7TP-0000,4353
II7TU-0000,3991
II7TV-0000,4470
II7TW-0000,3992
II7TX-0000,4471
II7TZ-0000,4472
II7U1-0000,4473
II7UC-0000,3123
II7UE-0000,3880
II7UF-0000,4392
II7UG-0000,3853
II7UH-0000,4324
II7UI-0000,3854
II7UM-0000,3415
II7UN-0000,3756
II7US-0000,3518
II7UU-0000,3757
II7UV-0000,3519
II7UW-0000,3416
II7UY-0000,3417
II7UZ-0000,3758
II7V0-0000,3418
II7V1-0000,3759
II7V2-0000,3419
II7V3-0000,3420
II7V4-0000,3421
II7V5-0000,3520
II7V7-0000,3521
II7V9-0000,3760
II7VA-0000,3761
II7VB-0000,3762
II7VC-0000,3422
II7VD-0000,3423
II7VE-0000,3763
II7VF-0000,3424
II7VV-0000,3425
II7VW-0000,3426
II7VX-0000,3124
II7VY-0000,3125
II7VZ-0000,3126
II7W0-0000,3127
II7W1-0000,3128
II7W2-0000,3129
II7W3-0000,3130
II7W4-0000,3427
II7W5-0000,3131
II7W6-0000,3132
II7W7-0000,3133
II7WA-0000,3134
II7WB-0000,3135
II7WC-0000,3136
II7WD-0000,3137
II7WE-0000,3138
II7WF-0000,3139
II7WG-0000,3140
II7WH-0000,3141
II7WK-0000,3142
II7WM-0000,3824
II7WS-0000,3993
II7WU-0000,3143
II7WV-0000,3144
II7WX-0000,3145
II7WY-0000,3146
II7WZ-0000,3147
II7XV-0000,3148
II7XW-0000,3149
II7ZK-0000,3150
II7ZL-0000,3151
II7ZN-0000,3152
II806-0000,3428
II807-0000,3153
II80A-0000,3154
II80B-0000,3155
II80C-0000,3156
II80J-0000,3157
II80N-0000,3158
II80Q-0000,3159
II80R-0000,3160
II80S-0000,3161
II80U-0000,3162
II80Z-0000,3764
II81H-0000,3429
II81I-0000,3522
II81P-0000,3163
II81Q-0000,3164
II81R-0000,3165
II81S-0000,3166
II81W-0000,3167
II82G-0000,3430
II82H-0000,3168
II82L-0000,3431
II82M-0000,3432
II82N-0000,3433
II82O-0000,3523
II82P-0000,3765
II82Q-0000,3434
II82R-0000,3524
II82S-0000,3766
II82T-0000,3435
II82U-0000,3525
II82V-0000,3436
II82W-0000,3437
II82X-0000,3438
II82Y-0000,3439
II831-0000,3994
II838-0000,3440
II83C-0000,3767
II83G-0000,3169
II83H-0000,3170
II83I-0000,3171
II83J-0000,3172
II83K-0000,3173
II83Y-0000,3174
II83Z-0000,3175
II841-0000,3176
II845-0000,3177
II847-0000,3441
II848-0000,3442
II84D-0000,3178
II84E-0000,3179
II84F-0000,3180
II84G-0000,3181
II84H-0000,3182
II84I-0000,3183
II84J-0000,3184
II860-0000,3185
II861-0000,3186
II86A-0000,3187
II86B-0000,3188
II86F-0000,3189
II86G-0000,3443
II86H-0000,3444
II86O-0000,3445
II86P-0000,3190
II86S-0000,3191
II86T-0000,3192
II86U-0000,3193
II86W-0000,3194
II86X-0000,3195
II86Y-0000,3196
II86Z-0000,3197
II870-0000,3198
II871-0000,3199
II872-0000,3200
II873-0000,3201
II874-0000,3202
II875-0000,3533
II877-0000,3203
II87C-0000,3204
II87E-0000,3249
II87J-0000,3526
II87N-0000,3446
II87P-0000,3447
II87U-0000,3448
II87V-0000,3236
II881-0000,3449
II882-0000,3450
II883-0000,3205
II884-0000,3206
II885-0000,3250
II886-0000,3451
II88I-0000,3207
II88J-0000,3208
II88N-0000,3534
II88O-0000,3768
II88P-0000,3769
II88R-0000,3770
II890-0000,3209
II891-0000,3210
II892-0000,3452
II894-0000,3453
II897-0000,3211
II89I-0000,3212
II89J-0000,3213
II8A3-0000,3771
II8A5-0000,3214
II8A7-0000,3772
II8A8-0000,3535
II8AA-0000,3536
II8AB-0000,3537
II8AC-0000,3773
II8AF-0000,3454
II8AQ-0000,3455
II8AR-0000,3456
II8B6-0000,3457
II8B7-0000,3458
II8B8-0000,3215
II8B9-0000,3216
II8BA-0000,3217
II8BB-0000,3459
II8BC-0000,3460
II8BD-0000,3774
II8BE-0000,3461
II8BF-0000,3462
II8BI-0000,3218
II8BN-0000,3463
II8BT-0000,3464
II8BU-0000,3465
II8BV-0000,3466
II8C1-0000,3219
II8C3-0000,3220
II8C5-0000,3467
II8C9-0000,3221
II8CC-0000,3468
II8CE-0000,3527
II8CI-0000,3469
II8CP-0000,3470
II8D3-0000,3775
II8D5-0000,3222
II8DA-0000,3471
II8DL-0000,3223
II8DN-0000,3224
II8DO-0000,3225
II8DQ-0000,3226
II8DT-0000,3227
II8DY-0000,3228
II8E6-0000,3472
II8E8-0000,3776
II8EA-0000,3777
II8EG-0000,3473
II8EH-0000,3778
II8FN-0000,3229
II8FT-0000,3230
II8FW-0000,3474
II8FX-0000,3475
II8FY-0000,3528
II8FZ-0000,3231
II8G0-0000,3232
II8GE-0000,3476
II8HD-0000,3825
II8HF-0000,3826
II8I0-0000,3779
II8I1-0000,3780
II8I2-0000,3781
II8I3-0000,3538
II8I6-0000,3477
II8I7-0000,3782
II8I8-0000,3539
II8I9-0000,3540
II8IC-0000,3233
II8ID-0000,3234
II8IE-0000,3235
II8IF-0000,3783
II8JC-0000,3927
II8JF-0000,4354
II8JM-0000,3784
II8JN-0000,3785
II8K7-0000,3633
II8K9-0000,3786
II8KC-0000,3787
II8KD-0000,3817
II8KT-0000,4355
II8KU-0000,4621
II8KV-0000,4830
II8L1-0000,3788
II8L9-0000,3789
II8LB-0000,3790
II8LT-0000,3478
II8LU-0000,3479
II8LV-0000,3480
II8LW-0000,3481
II8LZ-0000,3482
II8MB-0000,3791
II8MC-0000,3483
II8MD-0000,3484
II8ME-0000,3827
II8MF-0000,3855
II8MG-0000,3856
II8MH-0000,3828
II8MJ-0000,3829
II8MK-0000,3830
II8MM-0000,3831
II8MN-0000,3832
II8MO-0000,3833
II8MP-0000,3834
II8MQ-0000,3835
II8MR-0000,3836
II8MS-0000,3837
II8N1-0000,3792
II8N2-0000,3793
II8N7-0000,3485
II8N8-0000,3486
II8N9-0000,3487
II8NE-0000,3794
II8NT-0000,3795
II8NU-0000,3796
II8NX-0000,3797
II8NY-0000,3798
II8OE-0000,3488
II8OG-0000,3799
II8OH-0000,3541
II8OK-0000,3800
II8OL-0000,3801
II8OM-0000,3802
II8ON-0000,3542
II8OO-0000,3489
II8OP-0000,3803
II8OQ-0000,3490
II8P0-0000,3543
II8P2-0000,3544
II8P3-0000,3545
II8P4-0000,3491
II8P9-0000,3492
II8Q3-0000,3634
II8Q5-0000,3635
II8Q7-0000,3636
II8Q8-0000,3637
II8Q9-0000,3638
II8QA-0000,3639
II8QB-0000,3640
II8QL-0000,3804
II8QX-0000,4320
II8RN-0000,4415
II8RO-0000,4372
II8RS-0000,4373
II8RT-0000,4374
II8RU-0000,4375
II8RW-0000,4436
II8RX-0000,4437
II8S0-0000,4376
II8S7-0000,4391
II8SA-0000,4377
II8SF-0000,4378
II8SG-0000,4332
II8SH-0000,4333
II8SI-0000,4334
II8TB-0000,3881
II8TJ-0000,4491
II8U3-0000,3805
II8U4-0000,3806
II8U5-0000,3807
II8U6-0000,3641
II8U7-0000,3642
II8U8-0000,3808
II8UB-0000,3809
II8UC-0000,3643
II8UL-0000,3838
II8UO-0000,3865
II8V0-0000,3810
II8VD-0000,4582
II8VF-0000,4622
II8W3-0000,3857
II8WH-0000,4758
II8WI-0000,4759
II8WK-0000,4641
II8WM-0000,4379
II8WO-0000,3882
II8WP-0000,3883
II8WS-0000,3884
II8WT-0000,3885
II8WU-0000,3886
II8WV-0000,3887
II8WW-0000,3888
II8WX-0000,3889
II8WY-0000,3890
II8WZ-0000,3891
II8X2-0000,3892
II8XO-0000,3866
II8XP-0000,3867
II8XU-0000,3893
II902-0000,3811
II904-0000,3812
II90A-0000,3894
II90C-0000,3995
II90D-0000,3996
II90H-0000,3644
II915-0000,3813
II917-0000,3814
II919-0000,3815
II91B-0000,3816
II91H-0000,3928
II91S-0000,4241
II91U-0000,3868
II92H-0000,4026
II930-0000,3839
II93H-0000,4438
II93I-0000,4439
II93J-0000,4534
II93K-0000,4535
II93L-0000,4623
II93M-0000,4624
II93N-0000,4760
II93O-0000,4761
II93P-0000,4789
II93Q-0000,4790
II940-0000,4242
II941-0000,4440
II942-0000,4536
II943-0000,4672
II944-0000,4831
II94C-0000,4243
II94R-0000,4266
II956-0000,4441
II95J-0000,3929
II967-0000,4244
II96A-0000,4245
II96I-0000,4442
II96J-0000,4443
II96M-0000,3997
II96N-0000,3998
II96O-0000,3999
II96P-0000,4000
II96R-0000,4001
II96V-0000,4247
II96Y-0000,4248
II975-0000,4249
II98B-0000,4307
II98C-0000,4308
II98F-0000,4301
II98G-0000,4302
II98H-0000,4288
II98J-0000,4303
II98K-0000,4314
II98L-0000,4289
II98M-0000,4315
II98O-0000,4345
II98T-0000,4304
II98X-0000,4309
II98Y-0000,4310
II98Z-0000,4311
II998-0000,4290
II99A-0000,4291
II99F-0000,4444
II99G-0000,4537
II99H-0000,4791
II99I-0000,4792
II99L-0000,4538
II99N-0000,4539
II99P-0000,4540
II99R-0000,4541
II99U-0000,4642
II99V-0000,4542
II9A3-0000,4335
II9AE-0000,4356
II9AG-0000,4357
II9AJ-0000,4555
II9AL-0000,4358
II9AQ-0000,4292
II9AR-0000,4293
II9AS-0000,4294
II9AW-0000,4305
II9AX-0000,4295
II9AY-0000,4306
II9AZ-0000,4296
II9B0-0000,4297
II9B1-0000,4476
II9B6-0000,4298
II9B9-0000,4445
II9BD-0000,4380
II9BE-0000,4381
II9BF-0000,4382
II9BR-0000,4359
II9BS-0000,4360
II9BU-0000,4643
II9C0-0000,4793
II9C1-0000,4832
II9C2-0000,4389
II9C3-0000,4459
II9C4-0000,4492
II9C5-0000,4474
II9C8-0000,4255
II9CE-0000,4446
II9CH-0000,4484
II9CJ-0000,4299
II9CM-0000,4383
II9CN-0000,4384
II9CP-0000,4361
II9CS-0000,4385
II9CT-0000,4386
II9CV-0000,4387
II9D3-0000,4362
II9D4-0000,4363
II9D5-0000,4364
II9D6-0000,4460
II9D7-0000,4469
II9D8-0000,4625
II9D9-0000,4626
II9DA-0000,4627
II9DC-0000,4300
II9DP-0000,4282
II9DQ-0000,4283
II9DR-0000,4284
II9DS-0000,4285
II9E3-0000,4325
II9E4-0000,4246
II9E5-0000,4348
II9ED-0000,4493
II9FH-0000,4644
II9FI-0000,4645
II9FK-0000,4646
II9FL-0000,4647
II9FM-0000,4648
II9FR-0000,4447
II9FS-0000,4461
II9FT-0000,4494
II9FU-0000,4562
II9G6-0000,4543
II9GQ-0000,4485
II9GR-0000,4495
II9GV-0000,4431
II9GW-0000,4462
II9GZ-0000,4463
II9H0-0000,4464
II9H1-0000,4496
II9H2-0000,4628
II9H3-0000,4629
II9H5-0000,4649
II9H6-0000,4556
II9H7-0000,4650
II9HJ-0000,4448
II9HK-0000,4465
II9HP-0000,4449
II9HQ-0000,4466
II9HR-0000,4477
II9HS-0000,4497
II9HU-0000,4498
II9HV-0000,4651
II9HW-0000,4544
II9I5-0000,4467
II9I6-0000,4468
II9I7-0000,4545
II9IR-0000,4546
II9IS-0000,4630
II9J4-0000,4365
II9J6-0000,4336
II9J7-0000,4337
II9JA-0000,4338
II9JB-0000,4339
II9JC-0000,4340
II9JD-0000,4341
II9JE-0000,4366
II9JL-0000,4367
II9JM-0000,4347
II9JN-0000,4450
II9JO-0000,4368
II9JP-0000,4369
II9JS-0000,4451
II9JT-0000,4452
II9JU-0000,4453
II9JV-0000,4454
II9K1-0000,4576
II9K6-0000,4547
II9KC-0000,4388
II9KH-0000,4370
II9KI-0000,4455
II9KL-0000,4326
II9KM-0000,4327
II9KN-0000,4328
II9KO-0000,4329
II9KQ-0000,4342
II9KT-0000,4343
II9KY-0000,4344
II9L1-0000,4839
II9L4-0000,4548
II9LU-0000,4458
II9LX-0000,4549
II9M1-0000,4550
II9M6-0000,4456
II9M7-0000,4457
II9MC-0000,4486
II9MR-0000,4316
II9MU-0000,4673
II9MW-0000,4577
II9MY-0000,4578
II9MZ-0000,4674
II9N1-0000,4579
II9N5-0000,4580
II9N6-0000,4833
II9NB-0000,4794
II9NC-0000,4678
II9ND-0000,4679
II9NI-0000,4795
II9NJ-0000,4796
II9NO-0000,4675
II9NP-0000,4834
II9O7-0000,4652
II9O9-0000,4676
II9OB-0000,4677
II9OD-0000,4781
II9OI-0000,4487
II9OJ-0000,4631
II9ON-0000,4632
II9OO-0000,4633
II9OP-0000,4634
II9OX-0000,4653
II9OY-0000,4782
II9OZ-0000,4783
II9P0-0000,4784
II9P1-0000,4785
II9PB-0000,4475
II9PD-0000,4786
II9PF-0000,4797
II9PH-0000,4787
II9PJ-0000,4798
II9PL-0000,4799
II9PP-0000,4800
II9PT-0000,4801
II9Q1-0000,4788
II9Q8-0000,4802
II9QU-0000,4862
II9QW-0000,4863
II9QZ-0000,4877
II9R1-0000,4878
II9R2-0000,4879
II9R4-0000,4880
II9RD-0000,4635
II9TU-0000,5146
II9UJ-0000,5147
II9UK-0000,4846
II9V0-0000,5148
II9VN-0000,4899
II9XA-0000,4900
II9XC-0000,4864
II9XU-0000,4921
II9Y5-0000,4934
II9YB-0000,4865
II9YL-0000,5036
II9Z2-0000,4866
II9ZD-0000,6299
II9ZE-0000,5848
II9ZF-0000,7092
II9ZG-0000,7720
II9ZH-0000,7424
II9ZI-0000,5799
II9ZJ-0000,6185
IIA06-0000,4930
IIA0B-0000,5570
IIA0D-0000,5089
IIA19-0000,4914
IIA1A-0000,4910
IIA1D-0000,4989
IIA1E-0000,4990
IIA1F-0000,5032
IIA1G-0000,5033
IIA1H-0000,5022
IIA1I-0000,5023
IIA3I-0000,5024
IIA3J-0000,5293
IIA3T-0000,5090
IIA3U-0000,5307
IIA3V-0000,5571
IIA3Z-0000,4975
IIA40-0000,4978
IIA41-0000,5672
IIA42-0000,5025
IIA43-0000,5075
IIA44-0000,5083
IIA45-0000,5213
IIA46-0000,5329
IIA47-0000,5464
IIA48-0000,5511
IIA49-0000,5598
IIA4D-0000,5014
IIA4F-0000,5067
IIA4H-0000,5076
IIA4J-0000,5200
IIA4L-0000,5308
IIA4N-0000,5443
IIA4P-0000,5488
IIA4R-0000,5584
IIA4T-0000,4999
IIA4V-0000,5001
IIA4X-0000,5048
IIA4Z-0000,5068
IIA51-0000,5077
IIA53-0000,5102
IIA55-0000,5118
IIA57-0000,5230
IIA59-0000,5248
IIA5B-0000,5264
IIA5D-0000,5377
IIA5F-0000,5444
IIA5H-0000,5465
IIA5J-0000,5538
IIA5L-0000,5548
IIA5X-0000,5050
IIA5Y-0000,5249
IIA5Z-0000,5349
IIA60-0000,5378
IIA6Y-0000,5069
IIA70-0000,5051
IIA72-0000,5070
IIA74-0000,5265
IIA76-0000,5266
IIA7E-0000,4935
IIA7G-0000,5026
IIA7I-0000,5078
IIA7K-0000,5084
IIA7M-0000,5214
IIA7O-0000,5330
IIA7Q-0000,5419
IIA7S-0000,5512
IIA7U-0000,5609
IIA88-0000,4936
IIA8H-0000,5119
IIA8W-0000,5103
IIA8X-0000,5379
IIA8Y-0000,5637
IIAAT-0000,4931
IIAB2-0000,4881
IIAB3-0000,4882
IIABM-0000,4918
IIABU-0000,4901
IIAF9-0000,5638
IIAFA-0000,5660
IIAFI-0000,4937
IIAH0-0000,4991
IIAHE-0000,4913
IIAHF-0000,4908
IIAHI-0000,5091
IIAHJ-0000,5092
IIAHK-0000,4917
IIAHM-0000,4919
IIAHN-0000,4911
IIAHO-0000,4905
IIAHP-0000,4903
IIAHQ-0000,4915
IIAHR-0000,4912
IIAIA-0000,4992
IIAIH-0000,4906
IIAII-0000,4904
IIAIJ-0000,4916
IIAIK-0000,5149
IIAIU-0000,4938
IIAIV-0000,5181
IIAIX-0000,4968
IIAIZ-0000,5215
IIAJ0-0000,5267
IIAJ3-0000,4939
IIAJ4-0000,4940
IIAJM-0000,4941
IIAJN-0000,5037
IIAJO-0000,5081
IIAJP-0000,5309
IIAK6-0000,4942
IIAK7-0000,5268
IIAK8-0000,5331
IIAKC-0000,4943
IIAKD-0000,5231
IIAKF-0000,4944
IIAKG-0000,5120
IIAKH-0000,4993
IIAKI-0000,5201
IIAKS-0000,5182
IIAKV-0000,5038
IIAKW-0000,5039
IIAKX-0000,5040
IIAKY-0000,5041
IIAKZ-0000,4969
IIAL0-0000,5042
IIAL1-0000,5043
IIAL2-0000,4970
IIAL3-0000,5044
IIAL4-0000,5045
IIALO-0000,4945
IIALS-0000,4994
IIALZ-0000,4907
IIAM6-0000,4932
IIAM7-0000,4920
IIAM9-0000,4909
IIAMA-0000,4946
IIAMB-0000,5121
IIAMC-0000,5202
IIAMD-0000,4971
IIAMF-0000,5046
IIAMI-0000,5047
IIAMN-0000,4933
IIAMV-0000,5122
IIAMW-0000,4976
IIAMX-0000,5136
IIAMY-0000,5137
IIAN6-0000,5034
IIAN9-0000,5027
IIAO8-0000,5216
IIAO9-0000,5217
IIAOA-0000,5285
IIAOB-0000,5286
IIAOC-0000,5513
IIAOD-0000,5514
IIAOE-0000,5610
IIAOF-0000,5611
IIAOG-0000,5711
IIAOH-0000,5712
IIAOI-0000,5849
IIAOJ-0000,5850
IIAOK-0000,6006
IIAOL-0000,6007
IIAOT-0000,5203
IIAOU-0000,5283
IIAOV-0000,5416
IIAOW-0000,5417
IIAOX-0000,5681
IIAOY-0000,5800
IIAOZ-0000,5990
IIAP0-0000,5539
IIAP1-0000,5236
IIAP2-0000,5237
IIAP3-0000,4977
IIAP4-0000,5380
IIAP7-0000,5028
IIAP8-0000,5288
IIAPE-0000,5052
IIAPF-0000,5053
IIAPG-0000,5054
IIAPH-0000,5055
IIAPI-0000,5056
IIAPS-0000,5080
IIAPU-0000,5010
IIAQ8-0000,5515
IIAQ9-0000,5713
IIAQA-0000,5714
IIAQB-0000,5516
IIAQC-0000,5612
IIAQD-0000,5384
IIAQE-0000,5354
IIAQF-0000,5355
IIAQG-0000,5332
IIAQO-0000,5093
IIAQQ-0000,5094
IIAR9-0000,5138
IIARH-0000,5183
IIARK-0000,5085
IIARM-0000,5035
IIARN-0000,4973
IIARR-0000,5104
IIARX-0000,5071
IIARY-0000,5000
IIAS0-0000,5049
IIAS5-0000,5057
IIAS7-0000,5095
IIATE-0000,5058
IIATF-0000,5059
IIATH-0000,5445
IIATI-0000,5549
IIATJ-0000,5550
IIATK-0000,5060
IIATL-0000,5061
IIATS-0000,5446
IIATT-0000,5447
IIATW-0000,5062
IIATX-0000,5063
IIATY-0000,5064
IIAU0-0000,5333
IIAU4-0000,5204
IIAU7-0000,5184
IIAU9-0000,5340
IIAUB-0000,6230
IIAUD-0000,5768
IIAUF-0000,5801
IIAUH-0000,5946
IIAUJ-0000,6008
IIAUL-0000,6086
IIAUN-0000,6046
IIAUO-0000,6170
IIAV9-0000,5334
IIAVA-0000,5551
IIAWD-0000,5250
IIAWK-0000,5335
IIAWL-0000,5381
IIAWM-0000,6109
IIAWN-0000,5639
IIAWO-0000,5269
IIAWP-0000,5466
IIAWQ-0000,5270
IIAWW-0000,5271
IIAWX-0000,5489
IIAWY-0000,5272
IIAWZ-0000,5490
IIAX0-0000,5273
IIAX1-0000,5491
IIAX2-0000,5274
IIAX5-0000,5640
IIAX7-0000,5641
IIAX9-0000,5642
IIAXB-0000,5643
IIAXF-0000,5540
IIAXG-0000,5644
IIAXQ-0000,5552
IIAXS-0000,5336
IIAYL-0000,5251
IIAYO-0000,5185
IIAYQ-0000,5673
IIAYU-0000,5186
IIAYX-0000,5851
IIAYY-0000,6069
IIAZ2-0000,5746
IIAZ4-0000,5802
IIAZ8-0000,5991
IIAZA-0000,6065
IIAZC-0000,5769
IIAZE-0000,5770
IIAZG-0000,5803
IIAZI-0000,5852
IIAZM-0000,5947
IIAZO-0000,6009
IIAZQ-0000,6010
IIAZS-0000,6047
IIAZU-0000,6087
IIAZW-0000,6066
IIB01-0000,5467
IIB02-0000,5492
IIB0Z-0000,5771
IIB11-0000,5853
IIB13-0000,5948
IIB15-0000,6011
IIB17-0000,6082
IIB1Z-0000,5682
IIB27-0000,5683
IIB2D-0000,5337
IIB2J-0000,5232
IIB2K-0000,6190
IIB2L-0000,5621
IIB2M-0000,5233
IIB2N-0000,6191
IIB2O-0000,5622
IIB2P-0000,5239
IIB2Q-0000,6214
IIB2R-0000,5577
IIB2S-0000,5240
IIB2T-0000,6192
IIB2U-0000,5578
IIB3J-0000,5310
IIB3K-0000,5241
IIB3N-0000,5517
IIB3O-0000,5585
IIB3P-0000,5772
IIB3Q-0000,5235
IIB3R-0000,5275
IIB3S-0000,5556
IIB3T-0000,5139
IIB3U-0000,5276
IIB3V-0000,5557
IIB3X-0000,5277
IIB3Y-0000,5558
IIB40-0000,5278
IIB41-0000,5559
IIB42-0000,5140
IIB43-0000,5279
IIB44-0000,5560
IIB49-0000,5205
IIB4F-0000,5448
IIB4H-0000,5234
IIB4U-0000,5468
IIB4Y-0000,5287
IIB52-0000,5449
IIB54-0000,5382
IIB58-0000,5418
IIB5C-0000,5572
IIB5G-0000,5493
IIB5Y-0000,5715
IIB5Z-0000,5949
IIB60-0000,6102
IIB61-0000,6677
IIB83-0000,5804
IIB85-0000,5674
IIB86-0000,5789
IIB8B-0000,5790
IIB8Y-0000,5586
IIB8Z-0000,5684
IIB90-0000,5805
IIB91-0000,5992
IIB92-0000,6073
IIB93-0000,5587
IIB94-0000,5685
IIB95-0000,5806
IIB96-0000,5993
IIB97-0000,6074
IIB98-0000,5588
IIB99-0000,5686
IIB9A-0000,5807
IIB9B-0000,5994
IIB9C-0000,6075
IIB9F-0000,5791
IIBA0-0000,5747
IIBA2-0000,6088
IIBA3-0000,6241
IIBAM-0000,5808
IIBAO-0000,5675
IIBAP-0000,5854
IIBAQ-0000,6215
IIBAW-0000,5977
IIBAX-0000,5978
IIBAY-0000,5979
IIBAZ-0000,5980
IIBB0-0000,6048
IIBB1-0000,6049
IIBB2-0000,6050
IIBB3-0000,6051
IIBBI-0000,5950
IIBBK-0000,5623
IIBBL-0000,5722
IIBBM-0000,5624
IIBBN-0000,5723
IIBBO-0000,5625
IIBBP-0000,5724
IIBBQ-0000,5626
IIBBR-0000,5725
IIBCN-0000,6158
IIBCO-0000,6279
IIBD0-0000,6186
IIBD1-0000,6312
IIBD6-0000,6396
IIBD7-0000,6646
IIBD8-0000,6397
IIBD9-0000,6647
IIBDA-0000,6398
IIBDB-0000,6678
IIBDC-0000,6399
IIBDD-0000,6679
IIBDO-0000,5627
IIBDP-0000,5726
IIBDQ-0000,5981
IIBDR-0000,5982
IIBDS-0000,6110
IIBDT-0000,5983
IIBDU-0000,6111
IIBDV-0000,5984
IIBDW-0000,6112
IIBDX-0000,5951
IIBDY-0000,6113
IIBDZ-0000,5350
IIBE0-0000,5383
IIBE1-0000,5450
IIBE2-0000,5469
IIBE3-0000,5494
IIBE4-0000,5495
IIBE5-0000,5541
IIBE6-0000,5553
IIBE8-0000,5518
IIBEA-0000,5554
IIBEC-0000,5661
IIBEE-0000,5773
IIBEG-0000,5855
IIBEI-0000,5952
IIBEK-0000,6012
IIBEM-0000,6083
IIBFC-0000,5613
IIBFD-0000,5614
IIBFG-0000,5774
IIBFH-0000,5775
IIBFI-0000,5716
IIBFK-0000,5717
IIBFL-0000,5589
IIBFM-0000,5615
IIBFN-0000,5687
IIBFO-0000,5590
IIBFP-0000,5591
IIBFW-0000,5718
IIBFX-0000,5616
IIBFY-0000,5719
IIBFZ-0000,5617
IIBG1-0000,5720
IIBHE-0000,5187
IIBHZ-0000,5676
IIBI2-0000,5573
IIBI3-0000,5542
IIBI7-0000,5496
IIBI9-0000,5311
IIBIA-0000,5519
IIBIB-0000,5688
IIBIC-0000,5776
IIBID-0000,5953
IIBIE-0000,6139
IIBIF-0000,6157
IIBIG-0000,5451
IIBIH-0000,5574
IIBII-0000,5748
IIBIJ-0000,5777
IIBIK-0000,6034
IIBIL-0000,6129
IIBIM-0000,6140
IIBIN-0000,6300
IIBIO-0000,5343
IIBIP-0000,5344
IIBIQ-0000,5452
IIBIR-0000,5520
IIBIS-0000,5555
IIBIT-0000,5749
IIBIU-0000,5778
IIBIV-0000,5954
IIBIW-0000,6141
IIBIX-0000,6216
IIBJ4-0000,5645
IIBJJ-0000,5856
IIBJK-0000,5809
IIBJL-0000,5810
IIBJM-0000,5811
IIBK6-0000,5592
IIBM8-0000,5593
IIBM9-0000,5594
IIBMA-0000,5646
IIBMB-0000,5662
IIBMC-0000,5677
IIBMD-0000,5689
IIBME-0000,5690
IIBMF-0000,5693
IIBMG-0000,5779
IIBMH-0000,5812
IIBMI-0000,5813
IIBMK-0000,5955
IIBMM-0000,5995
IIBMN-0000,5996
IIBMO-0000,6035
IIBMT-0000,6130
IIBMU-0000,6142
IIBMV-0000,6175
IIBMW-0000,5595
IIBMX-0000,5647
IIBMY-0000,5678
IIBMZ-0000,5691
IIBN0-0000,5694
IIBN1-0000,5814
IIBN3-0000,5997
IIBN4-0000,6036
IIBN5-0000,6115
IIBN7-0000,6131
IIBNC-0000,5629
IIBND-0000,6176
IIBNE-0000,6222
IIBNF-0000,6223
IIBNG-0000,6273
IIBNH-0000,6280
IIBNJ-0000,6221
IIBNK-0000,6274
IIBNL-0000,6281
IIBNY-0000,5345
IIBO0-0000,5346
IIBO1-0000,5347
IIBO2-0000,5348
IIBO4-0000,6013
IIBO5-0000,5857
IIBO6-0000,6014
IIBO7-0000,6015
IIBOC-0000,6037
IIBP1-0000,6016
IIBP2-0000,6017
IIBP3-0000,5956
IIBP4-0000,6052
IIBP9-0000,6018
IIBPA-0000,6019
IIBPB-0000,6020
IIBPC-0000,6021
IIBPD-0000,6022
IIBPJ-0000,5793
IIBPK-0000,5794
IIBPL-0000,5795
IIBPP-0000,6293
IIBPW-0000,5780
IIBPY-0000,5781
IIBQ3-0000,5858
IIBQ6-0000,5782
IIBQ9-0000,6023
IIBQB-0000,5859
IIBQL-0000,5815
IIBQM-0000,5816
IIBQY-0000,6103
IIBR0-0000,6187
IIBR2-0000,6242
IIBR3-0000,6282
IIBR4-0000,6235
IIBR6-0000,6089
IIBR8-0000,6171
IIBRA-0000,6217
IIBRC-0000,6104
IIBRE-0000,6105
IIBRG-0000,6143
IIBRI-0000,6188
IIBRK-0000,6218
IIBRM-0000,6243
IIBS0-0000,6106
IIBS2-0000,6199
IIBS4-0000,6244
IIBS6-0000,6107
IIBS8-0000,6200
IIBSA-0000,6245
IIBST-0000,5998
IIBSW-0000,5957
IIBT1-0000,5783
IIBT6-0000,5784
IIBT9-0000,6024
IIBTA-0000,6057
IIBTB-0000,6125
IIBTC-0000,6144
IIBTD-0000,6145
IIBUR-0000,6146
IIBUS-0000,6172
IIBUT-0000,6253
IIBUU-0000,6053
IIBUV-0000,6147
IIBUX-0000,6076
IIBUY-0000,6077
IIBUZ-0000,6054
IIBV0-0000,6055
IIBVA-0000,6148
IIBVB-0000,6149
IIBVE-0000,6108
IIBVH-0000,6194
IIBVI-0000,6400
IIBVJ-0000,6401
IIBWK-0000,7081
IIBX8-0000,6497
IIBXA-0000,6301
IIBXC-0000,6316
IIBXE-0000,6402
IIBXF-0000,6403
IIBXH-0000,6458
IIBXJ-0000,6283
IIBXL-0000,6302
IIBXN-0000,6348
IIBXP-0000,6254
IIBXR-0000,6303
IIBXT-0000,6304
IIBXV-0000,6317
IIBXX-0000,6349
IIBXZ-0000,6404
IIBY1-0000,6405
IIBY3-0000,6406
IIBY4-0000,6284
IIBY5-0000,6318
IIBY6-0000,6350
IIBY7-0000,6407
IIBY8-0000,6408
IIBY9-0000,6409
IIBYA-0000,6410
IIBYB-0000,6319
IIBYC-0000,6411
IIBYD-0000,6412
IIBYR-0000,6305
IIBYT-0000,6320
IIBYX-0000,6306
IIBYZ-0000,6321
IIC01-0000,6351
IIC04-0000,6648
IIC05-0000,6698
IIC06-0000,6413
IIC0D-0000,6072
IIC0E-0000,6352
IIC0F-0000,6518
IIC0G-0000,5958
IIC19-0000,6080
IIC1C-0000,6067
IIC1H-0000,6056
IIC1M-0000,6195
IIC1Q-0000,5750
IIC1R-0000,5751
IIC1T-0000,6068
IIC1U-0000,6159
IIC1V-0000,6160
IIC1W-0000,6275
IIC1X-0000,6353
IIC1Y-0000,6415
IIC1Z-0000,6495
IIC22-0000,6078
IIC23-0000,6039
IIC2B-0000,6201
IIC2C-0000,6285
IIC2D-0000,6202
IIC2E-0000,6286
IIC2F-0000,6203
IIC2G-0000,6287
IIC2P-0000,6233
IIC2Q-0000,6234
IIC2R-0000,6307
IIC2S-0000,6308
IIC2T-0000,6478
IIC2U-0000,6479
IIC2Y-0000,6212
IIC2Z-0000,6288
IIC30-0000,6416
IIC33-0000,6173
IIC34-0000,6174
IIC3N-0000,7318
IIC43-0000,6417
IIC45-0000,6498
IIC47-0000,6539
IIC48-0000,6581
IIC4A-0000,6588
IIC4C-0000,6418
IIC4E-0000,6419
IIC4G-0000,6499
IIC4I-0000,6420
IIC4K-0000,6500
IIC4M-0000,6540
IIC4O-0000,6541
IIC4P-0000,6519
IIC4Q-0000,6520
IIC4R-0000,6582
IIC4S-0000,6592
IIC4T-0000,6612
IIC4U-0000,6503
IIC4V-0000,6583
IIC4W-0000,6589
IIC5C-0000,6504
IIC5E-0000,6542
IIC5I-0000,6505
IIC5K-0000,6543
IIC5O-0000,6544
IIC62-0000,6584
IIC66-0000,6545
IIC67-0000,6613
IIC6B-0000,6421
IIC6S-0000,6546
IIC6T-0000,6547
IIC6V-0000,6506
IIC70-0000,6459
IIC71-0000,6460
IIC73-0000,6461
IIC7Y-0000,6196
IIC82-0000,6255
IIC83-0000,6256
IIC85-0000,6354
IIC86-0000,6355
IIC88-0000,6322
IIC89-0000,6289
IIC8B-0000,6309
IIC8C-0000,6257
IIC8D-0000,6290
IIC8E-0000,6258
IIC8F-0000,6259
IIC8K-0000,6260
IIC8L-0000,6261
IIC8M-0000,6262
IIC8N-0000,6263
IIC97-0000,6116
IIC9A-0000,6040
IIC9D-0000,6204
IIC9F-0000,6219
IIC9K-0000,6126
IIC9M-0000,6189
IIC9Q-0000,6132
IIC9S-0000,6422
IIC9T-0000,6423
IIC9U-0000,6424
IICAI-0000,6593
IICAK-0000,6680
IICAL-0000,6756
IICAM-0000,6866
IICAO-0000,6585
IICAQ-0000,6649
IICAS-0000,6586
IICAU-0000,6594
IICAW-0000,6681
IICAY-0000,6682
IICAZ-0000,6619
IICB0-0000,6650
IICB1-0000,6699
IICB2-0000,6757
IICB3-0000,6620
IICB4-0000,6668
IICBE-0000,6595
IICBG-0000,6683
IICBI-0000,6596
IICBK-0000,6684
IICBN-0000,6685
IICBO-0000,6686
IICBQ-0000,6651
IICBS-0000,6621
IICC1-0000,6597
IICC3-0000,6622
IICC7-0000,6602
IICC8-0000,6652
IICC9-0000,6687
IICCE-0000,6511
IICCF-0000,6512
IICCG-0000,6513
IICDE-0000,6425
IICDF-0000,6426
IICDG-0000,6462
IICDL-0000,6463
IICDV-0000,6291
IICDZ-0000,6150
IICE1-0000,6490
IICE3-0000,6548
IICE4-0000,6464
IICE5-0000,6465
IICE6-0000,6549
IICE7-0000,6427
IICE8-0000,6587
IICEA-0000,6428
IICEB-0000,6491
IICEC-0000,6492
IICED-0000,6493
IICEE-0000,6494
IICEG-0000,6429
IICFA-0000,6614
IICFE-0000,6550
IICFF-0000,6551
IICFI-0000,6615
IICFJ-0000,6758
IICFK-0000,6552
IICFL-0000,6688
IICFM-0000,6653
IICFN-0000,6553
IICFO-0000,6554
IICFV-0000,6430
IICFW-0000,6598
IICG0-0000,6555
IICG1-0000,6556
IICG2-0000,6557
IICG6-0000,6558
IICGY-0000,6246
IICGZ-0000,6356
IICH4-0000,6292
IICI0-0000,6935
IICI2-0000,6759
IICI4-0000,6889
IICI5-0000,6906
IICI8-0000,6700
IICIA-0000,6867
IICIC-0000,6701
IICIE-0000,6760
IICIG-0000,6761
IICII-0000,6890
IICIK-0000,6891
IICIL-0000,6846
IICIM-0000,6868
IICIQ-0000,6869
IICIR-0000,6847
IICIS-0000,6920
IICJ2-0000,6762
IICJ4-0000,6879
IICJ6-0000,6763
IICJ8-0000,6880
IICJB-0000,6927
IICJC-0000,6928
IICJE-0000,6848
IICJG-0000,6851
IICJP-0000,6840
IICJQ-0000,6841
IICJS-0000,6870
IICJT-0000,6823
IICJU-0000,6871
IICJV-0000,6764
IICJW-0000,6872
IICJX-0000,6824
IICJZ-0000,6702
IICK0-0000,6703
IICK1-0000,6765
IICK2-0000,6766
IICKB-0000,6892
IICKC-0000,6767
IICKH-0000,6633
IICKL-0000,6654
IICKM-0000,6655
IICKN-0000,6656
IICKP-0000,6559
IICKQ-0000,6560
IICKR-0000,6561
IICKS-0000,6562
IICKT-0000,6294
IICKU-0000,7010
IICL9-0000,6431
IICLP-0000,6357
IICMB-0000,7711
IICMM-0000,6907
IICMO-0000,6959
IICMP-0000,7065
IICMQ-0000,7011
IICMS-0000,6893
IICMU-0000,6947
IICMW-0000,6908
IICMY-0000,6948
IICN0-0000,6991
IICN2-0000,6992
IICN7-0000,6949
IICN8-0000,6962
IICNI-0000,6909
IICNK-0000,6993
IICNM-0000,6910
IICNO-0000,6994
IICNR-0000,6995
IICNS-0000,6996
IICNU-0000,6950
IICNV-0000,6873
IICNW-0000,6874
IICNX-0000,6875
IICNZ-0000,6852
IICO0-0000,6894
IICO1-0000,7100
IICO2-0000,6853
IICO3-0000,7009
IICOC-0000,6951
IICOD-0000,6952
IICOE-0000,6953
IICOF-0000,6954
IICOH-0000,7024
IICOK-0000,6929
IICOL-0000,6934
IICOM-0000,7050
IICON-0000,7025
IICOO-0000,6930
IICOP-0000,6931
IICOQ-0000,6932
IICOR-0000,6933
IICOV-0000,7026
IICP8-0000,6671
IICPC-0000,6831
IICPD-0000,6832
IICPE-0000,6833
IICQC-0000,6911
IICQD-0000,6912
IICQE-0000,6768
IICQF-0000,6769
IICQG-0000,6770
IICQH-0000,6842
IICQN-0000,6843
IICQX-0000,6895
IICQZ-0000,6599
IICR1-0000,6514
IICRA-0000,6432
IICRC-0000,6997
IICRD-0000,7037
IICRE-0000,7012
IICRF-0000,6998
IICRI-0000,6999
IICRK-0000,6955
IICRZ-0000,7051
IICS1-0000,7069
IICS2-0000,7154
IICS5-0000,7172
IICS7-0000,7066
IICS9-0000,7093
IICSB-0000,7052
IICSD-0000,7053
IICSF-0000,7094
IICSH-0000,7107
IICSI-0000,7070
IICSJ-0000,7108
IICST-0000,7054
IICSV-0000,7080
IICSX-0000,7055
IICSZ-0000,7095
IICT2-0000,7096
IICT3-0000,7101
IICT8-0000,7109
IICT9-0000,7071
IICTK-0000,7128
IICTL-0000,7129
IICTN-0000,7097
IICTU-0000,7000
IICU3-0000,6672
IICU6-0000,6771
IICUC-0000,7188
IICUV-0000,7229
IICUX-0000,7110
IICUZ-0000,7189
IICV0-0000,7248
IICV2-0000,7111
IICV4-0000,7190
IICV6-0000,7112
IICV8-0000,7130
IICVA-0000,7173
IICVC-0000,7191
IICVD-0000,7174
IICVE-0000,7207
IICVF-0000,7249
IICVP-0000,7113
IICVR-0000,7192
IICVT-0000,7114
IICVV-0000,7193
IICVY-0000,7194
IICVZ-0000,7208
IICW0-0000,7195
IICW1-0000,7343
IICW2-0000,7209
IICW3-0000,7285
IICW7-0000,7202
IICW8-0000,7067
IICWM-0000,7196
IICWN-0000,7197
IICWP-0000,7175
IICWQ-0000,6825
IICX3-0000,6600
IICX9-0000,6896
IICXA-0000,6826
IICXB-0000,6827
IICXC-0000,6704
IICXF-0000,6854
IICXJ-0000,6913
IICYY-0000,7001
IICYZ-0000,7002
IICZ3-0000,7131
IICZ4-0000,7155
IICZ5-0000,7003
IICZ6-0000,7072
IICZ8-0000,7004
IICZ9-0000,7198
IICZA-0000,7056
IICZB-0000,7073
IICZC-0000,7057
IICZO-0000,7099
IICZP-0000,7132
IICZT-0000,7074
IICZU-0000,7005
IICZV-0000,7006
IICZW-0000,7007
IICZX-0000,7098
IICZY-0000,7199
IID0B-0000,6956
IID0F-0000,6876
IID0H-0000,6883
IID0I-0000,6914
IID0J-0000,6915
IID0K-0000,6957
IID0L-0000,6958
IID0M-0000,7027
IID0N-0000,7058
IID0O-0000,7075
IID0P-0000,7076
IID0Q-0000,7115
IID0R-0000,7133
IID0S-0000,7156
IID0T-0000,7176
IID0U-0000,7177
IID0V-0000,7210
IID0W-0000,7230
IID0X-0000,7250
IID0Z-0000,7157
IID10-0000,7231
IID12-0000,7077
IID14-0000,7117
IID15-0000,6916
IID16-0000,6917
IID17-0000,6918
IID19-0000,7008
IID1F-0000,7059
IID1M-0000,6673
IID24-0000,7211
IID26-0000,7261
IID28-0000,7286
IID29-0000,7379
IID2C-0000,7287
IID2E-0000,7201
IID2H-0000,7028
IID2I-0000,7288
IID2J-0000,7289
IID2L-0000,7262
IID2M-0000,7319
IID2Q-0000,7232
IID2R-0000,7344
IID32-0000,7273
IID36-0000,7212
IID38-0000,7263
IID3A-0000,7213
IID3C-0000,7233
IID3E-0000,7264
IID3G-0000,7290
IID3H-0000,7265
IID3I-0000,7266
IID3J-0000,7293
IID3K-0000,7345
IID3L-0000,7267
IID3M-0000,7320
IID47-0000,7325
IID48-0000,7425
IID49-0000,7426
IID4B-0000,7321
IID4D-0000,7380
IID4F-0000,7322
IID4H-0000,7346
IID4J-0000,7347
IID4L-0000,7397
IID4M-0000,7398
IID4N-0000,7399
IID4O-0000,7400
IID4P-0000,7427
IID4Q-0000,7428
IID4R-0000,7401
IID4S-0000,7402
IID4T-0000,7429
IID53-0000,7323
IID55-0000,7348
IID57-0000,7324
IID59-0000,7349
IID5B-0000,7350
IID5D-0000,7524
IID5H-0000,7200
IID5L-0000,7381
IID5M-0000,7430
IID5V-0000,7158
IID62-0000,7029
IID6E-0000,7351
IID6F-0000,7268
IID6G-0000,7269
IID6H-0000,7270
IID6I-0000,7271
IID6J-0000,7272
IID6O-0000,7274
IID6P-0000,7291
IID75-0000,7078
IID7I-0000,7079
IID7L-0000,7326
IID7M-0000,7327
IID7N-0000,7328
IID7O-0000,7403
IID7P-0000,7404
IID7Q-0000,7405
IID7R-0000,7406
IID7S-0000,7407
IID7U-0000,7134
IID7V-0000,7135
IID7W-0000,7136
IID7X-0000,7137
IID7Y-0000,7138
IID7Z-0000,7139
IID80-0000,7140
IID8L-0000,7512
IID8N-0000,7432
IID8P-0000,7433
IID8Q-0000,7545
IID8T-0000,7434
IID8V-0000,7435
IID8X-0000,7436
IID8Z-0000,7437
IID91-0000,7438
IID93-0000,7486
IID94-0000,7439
IID95-0000,7440
IID97-0000,7775
IID98-0000,7805
IID99-0000,7441
IID9A-0000,8072
IID9K-0000,7501
IID9M-0000,7502
IID9Q-0000,7503
IID9S-0000,7504
IID9V-0000,7574
IID9Y-0000,7141
IIDA2-0000,7446
IIDA3-0000,7525
IIDA5-0000,7487
IIDAK-0000,7214
IIDAL-0000,7505
IIDAM-0000,7506
IIDAN-0000,7526
IIDAW-0000,7234
IIDAY-0000,7178
IIDBC-0000,7235
IIDBD-0000,7216
IIDCD-0000,7382
IIDCE-0000,7449
IIDCF-0000,7450
IIDCG-0000,7408
IIDCN-0000,7352
IIDCO-0000,7353
IIDCS-0000,7409
IIDDF-0000,7527
IIDDH-0000,7560
IIDDJ-0000,7575
IIDDL-0000,7488
IIDDN-0000,7561
IIDDP-0000,7528
IIDDR-0000,7529
IIDDT-0000,7539
IIDDV-0000,7576
IIDDW-0000,7824
IIDDX-0000,7836
IIDDY-0000,7918
IIDDZ-0000,7933
IIDE0-0000,8129
IIDED-0000,7577
IIDEF-0000,7578
IIDEG-0000,7540
IIDEJ-0000,7541
IIDEZ-0000,7410
IIDFS-0000,7579
IIDFT-0000,7592
IIDFX-0000,7580
IIDFY-0000,7215
IIDFZ-0000,7489
IIDG0-0000,7581
IIDG1-0000,7599
IIDG2-0000,7600
IIDG3-0000,7624
IIDG4-0000,7625
IIDGC-0000,7354
IIDGD-0000,7674
IIDGH-0000,7562
IIDGI-0000,7675
IIDGJ-0000,7702
IIDGL-0000,7530
IIDGM-0000,7531
IIDGN-0000,7532
IIDGO-0000,7142
IIDGP-0000,7533
IIDGQ-0000,7451
IIDHD-0000,7411
IIDHE-0000,7384
IIDHG-0000,7542
IIDHH-0000,7490
IIDHI-0000,7452
IIDHJ-0000,7491
IIDHK-0000,7492
IIDHL-0000,7294
IIDHO-0000,7493
IIDHP-0000,7412
IIDHQ-0000,7217
IIDHR-0000,7295
IIDI5-0000,7355
IIDI8-0000,7292
IIDIB-0000,7356
IIDIX-0000,7453
IIDJ5-0000,7454
IIDJE-0000,7455
IIDJG-0000,7383
IIDJH-0000,7413
IIDJM-0000,7546
IIDJN-0000,7606
IIDJO-0000,7582
IIDJP-0000,7563
IIDK0-0000,7583
IIDKK-0000,7749
IIDKM-0000,7596
IIDKO-0000,7676
IIDKQ-0000,7690
IIDKR-0000,7677
IIDKS-0000,7709
IIDKT-0000,7750
IIDKU-0000,7751
IIDKW-0000,7584
IIDKY-0000,7616
IIDL0-0000,7597
IIDL2-0000,7598
IIDL4-0000,7601
IIDL6-0000,7678
IIDL8-0000,7691
IIDL9-0000,7950
IIDLA-0000,7973
IIDLB-0000,7995
IIDLC-0000,8011
IIDLD-0000,8073
IIDLE-0000,8099
IIDLU-0000,7607
IIDLW-0000,7623
IIDLY-0000,7608
IIDM0-0000,7692
IIDME-0000,7585
IIDMF-0000,7617
IIDMH-0000,7737
IIDMI-0000,7693
IIDN4-0000,7456
IIDN5-0000,7457
IIDN6-0000,7494
IIDN7-0000,7495
IIDN8-0000,7586
IIDN9-0000,7587
IIDNA-0000,7694
IIDNB-0000,7695
IIDNG-0000,7357
IIDNH-0000,7458
IIDNI-0000,7564
IIDNJ-0000,7679
IIDNM-0000,7588
IIDOV-0000,7721
IIDOY-0000,7825
IIDOZ-0000,7837
IIDP1-0000,7856
IIDP3-0000,7696
IIDP5-0000,7703
IIDP9-0000,7704
IIDPB-0000,7722
IIDPD-0000,7776
IIDPE-0000,8074
IIDPF-0000,8107
IIDPG-0000,8140
IIDPP-0000,7710
IIDPR-0000,7712
IIDPT-0000,7791
IIDPV-0000,7705
IIDPX-0000,7713
IIDPZ-0000,7792
IIDQ0-0000,7706
IIDQ1-0000,7902
IIDQ4-0000,7777
IIDQA-0000,7752
IIDQB-0000,7723
IIDQC-0000,7724
IIDQD-0000,7778
IIDQE-0000,7753
IIDQJ-0000,7622
IIDQT-0000,7547
IIDQW-0000,7771
IIDQX-0000,7772
IIDQZ-0000,7764
IIDR0-0000,7236
IIDR3-0000,7565
IIDRD-0000,7509
IIDRG-0000,7414
IIDRX-0000,7934
IIDSB-0000,7935
IIDSC-0000,7951
IIDSI-0000,7806
IIDSK-0000,7826
IIDSM-0000,7827
IIDSO-0000,7857
IIDSQ-0000,7858
IIDT0-0000,7807
IIDT2-0000,7816
IIDT4-0000,7808
IIDT6-0000,7817
IIDT9-0000,7891
IIDTA-0000,7892
IIDTC-0000,7859
IIDTD-0000,7903
IIDTI-0000,7838
IIDTJ-0000,7893
IIDTK-0000,7828
IIDTL-0000,7814
IIDTM-0000,7839
IIDTQ-0000,7769
IIDU0-0000,7589
IIDU3-0000,7534
IIDUJ-0000,7697
IIDUO-0000,7725
IIDUP-0000,7726
IIDUS-0000,7698
IIDUT-0000,7609
IIDUW-0000,7331
IIDUX-0000,7620
IIDVV-0000,7958
IIDVX-0000,7919
IIDVZ-0000,7925
IIDW0-0000,8012
IIDW1-0000,8031
IIDW3-0000,8013
IIDW7-0000,7920
IIDW9-0000,7921
IIDWB-0000,7936
IIDWD-0000,7937
IIDWO-0000,7922
IIDWQ-0000,7938
IIDWS-0000,7923
IIDWU-0000,7939
IIDWX-0000,7988
IIDWY-0000,7989
IIDX0-0000,7974
IIDX2-0000,8042
IIDX3-0000,7715
IIDXC-0000,7894
IIDXD-0000,7895
IIDXE-0000,7896
IIDXG-0000,7996
IIDXL-0000,7940
IIDXS-0000,7964
IIDXT-0000,7990
IIDY7-0000,7860
IIDY8-0000,7876
IIDYC-0000,7863
IIDYD-0000,7877
IIDYL-0000,7767
IIDYM-0000,7766
IIDYN-0000,7768
IIDYO-0000,7941
IIDYP-0000,7765
IIDYQ-0000,7942
IIDYR-0000,7761
IIDYS-0000,7762
IIDYT-0000,7758
IIDYU-0000,7739
IIDYV-0000,7943
IIDYW-0000,7756
IIDYX-0000,7982
IIDYY-0000,7738
IIDYZ-0000,7944
IIDZ0-0000,7759
IIDZ1-0000,7945
IIDZ2-0000,7946
IIDZR-0000,7793
IIDZS-0000,7794
IIDZT-0000,7829
IIDZU-0000,7830
IIDZV-0000,7727
IIDZW-0000,7728
IIDZX-0000,7729
IIDZY-0000,7730
IIDZZ-0000,7731
IIE04-0000,7732
IIE05-0000,7733
IIE06-0000,7734
IIE11-0000,7602
IIE12-0000,7610
IIE13-0000,7566
IIE1C-0000,7496
IIE1D-0000,7590
IIE1H-0000,7591
IIE1I-0000,7699
IIE1L-0000,7680
IIE1M-0000,7809
IIE1N-0000,7810
IIE1P-0000,7700
IIE1Q-0000,7754
IIE1R-0000,7681
IIE1S-0000,7682
IIE2U-0000,7965
IIE2W-0000,7549
IIE31-0000,7897
IIE34-0000,7735
IIE39-0000,7770
IIE3D-0000,7760
IIE3S-0000,7898
IIE43-0000,7865
IIE44-0000,7866
IIE49-0000,7795
IIE63-0000,7867
IIE64-0000,7978
IIE66-0000,7975
IIE67-0000,7979
IIE68-0000,7868
IIE69-0000,7980
IIE6A-0000,8041
IIE6P-0000,7840
IIE6Q-0000,7849
IIE6R-0000,7841
IIE6S-0000,8014
IIE6W-0000,7991
IIE6Y-0000,7811
IIE6Z-0000,8087
IIE7D-0000,7947
IIE7E-0000,8015
IIE7F-0000,8122
IIE7K-0000,7779
IIE7L-0000,7812
IIE8O-0000,8130
IIE8P-0000,8141
IIE8W-0000,7997
IIE8Y-0000,8016
IIE90-0000,8017
IIE9K-0000,7998
IIE9M-0000,8005
IIE9O-0000,7999
IIE9Q-0000,8006
IIE9T-0000,7872
IIE9U-0000,8052
IIEAC-0000,7966
IIEAD-0000,7869
IIEAH-0000,7967
IIEAI-0000,7968
IIEAK-0000,8043
IIEAL-0000,8044
IIEAM-0000,8045
IIEAN-0000,8046
IIEAV-0000,8018
IIEAW-0000,7976
IIEAX-0000,7969
IIEAY-0000,8019
IIEB0-0000,7953
IIEB1-0000,7954
IIEB2-0000,7955
IIEBE-0000,8108
IIEBF-0000,8088
IIEBL-0000,8000
IIEBS-0000,7843
IIEBT-0000,7844
IIEBU-0000,7845
IIEBV-0000,7846
IIEBW-0000,7847
IIEBX-0000,7848
IIEBY-0000,8001
IIEBZ-0000,8002
IIEC0-0000,7956
IIEC1-0000,8003
IIEC2-0000,7957
IIEC3-0000,7948
IIED2-0000,8142
IIEEC-0000,8109
IIEEE-0000,8132
IIEEG-0000,8110
IIEEI-0000,8133
IIEEN-0000,8089
IIEEO-0000,8090
IIEET-0000,8075
IIEEV-0000,8091
IIEEW-0000,8032
IIEEX-0000,8143
IIEEY-0000,8111
IIEF0-0000,8144
IIEFI-0000,8076
IIEFM-0000,8077
IIEFN-0000,8078
IIEFO-0000,7981
IIEFQ-0000,8092
IIEFR-0000,8093
IIEFS-0000,8094
IIEFT-0000,8095
IIEG5-0000,8112
IIEG6-0000,8123
IIEG7-0000,8020
IIEG8-0000,8124
IIEGA-0000,8113
IIEGC-0000,8036
IIEGJ-0000,8125
IIEGT-0000,8114
IIEH0-0000,8096
IIEH1-0000,8115
IIEH2-0000,8097
IIEH3-0000,8021
IIEH4-0000,8033
IIEH5-0000,8098
IIEH6-0000,8022
IIEH7-0000,8034
IIEH8-0000,8023
IIEH9-0000,7714
IIEHA-0000,7977
IIEHB-0000,8007
IIEHC-0000,8116
IIEJP-0000,8100
IIEKC-0000,8079
IIELA-0000,8117
IIELB-0000,8118
IIELC-0000,8119
IIELD-0000,8120
IIELG-0000,7924
IIELI-0000,7899
IIELK-0000,7870
IIELU-0000,7900
IIELW-0000,7831
IIEM4-0000,8134
IIEMC-0000,8004
IIEMH-0000,8024
IIEML-0000,7949
IIERM-0000,8148
IIERN-0000,8149
IIERO-0000,8150
IIERP-0000,8151
IIESM-0000,8147
IIESY-0000,8135
IIESZ-0000,8145
IIEVM-0000,8035
IIF2A-0000,8051
IIF2E-0000,8146
IIF5L-0000,8101
