ID,SO
3,41971
4,41969
5,41968
6,41954
7,41953
8,41950
9,41946
10,41945
11,41944
12,41942
13,41938
14,41917
15,41880
16,41788
17,41689
18,41621
19,41616
20,41605
21,41596
22,40391
23,42061
24,42059
25,42058
26,42056
27,42054
28,42045
29,42042
30,42041
31,42040
32,42038
33,42023
34,42022
35,42021
36,42020
37,42019
38,42018
39,42011
40,42009
41,42008
42,42007
43,42006
44,42005
45,42004
46,42003
47,42002
48,42001
49,42000
50,41997
51,41988
52,41987
53,41985
54,41984
55,41972
56,41947
57,41943
58,41915
59,41909
60,41908
61,41907
62,41903
63,41902
64,41891
65,41887
66,41886
67,41881
68,41875
69,41873
70,41871
71,41870
72,41869
73,41868
74,41855
75,41854
76,41852
77,41851
78,41848
79,41847
80,41845
81,41836
82,41835
83,41834
84,41833
85,41801
86,41800
87,41790
88,41788
89,41787
90,41786
91,41785
92,41784
93,41779
94,41770
95,41764
96,41762
97,41742
98,41741
99,41740
100,41739
101,41737
102,41736
103,41735
104,41734
105,41706
106,41705
107,41704
108,41699
109,41698
110,41697
111,41696
112,41693
113,41692
114,41691
115,41690
116,41688
117,41682
118,41681
119,41670
120,41669
121,41662
122,41660
123,41655
124,41654
125,41641
126,41640
127,41639
128,41638
129,41627
130,41626
131,41624
132,41622
133,41619
134,41617
135,41612
136,41611
137,41610
138,41609
139,41606
140,41605
141,41601
142,41600
143,41597
144,41590
145,41589
146,41580
147,41579
148,41577
149,41573
150,41572
151,41569
152,41567
153,41553
154,41552
155,41546
156,41539
157,41538
158,41527
159,41520
160,41496
161,41495
162,41494
163,41493
164,41449
165,41429
166,41375
167,41363
168,41362
169,41337
170,41179
171,41178
172,41160
173,41157
174,41156
175,41155
176,41154
177,41153
178,41152
179,41131
180,41128
181,41124
182,41123
183,41121
184,41113
185,41111
186,41110
187,41109
188,41107
189,41106
190,41105
191,41103
192,41084
193,41082
194,41081
195,41069
196,41068
197,41067
198,41053
199,41052
200,41051
201,41050
202,41037
203,41029
204,41028
205,41027
206,41024
207,41022
208,41010
209,40992
210,40991
211,40989
212,40986
213,40985
214,40984
215,40983
216,40981
217,40978
218,40975
219,40974
220,40959
221,40958
222,40957
223,40952
224,40941
225,40940
226,40934
227,40931
228,40930
229,40927
230,40924
231,40906
232,40904
233,40903
234,40902
235,40901
236,40900
237,40897
238,40896
239,40893
240,40884
241,40874
242,40873
243,40862
244,40855
245,40853
246,40852
247,40851
248,40850
249,40849
250,40845
251,40839
252,40837
253,40836
254,40835
255,40834
256,40833
257,40832
258,40831
259,40830
260,40829
261,40828
262,40827
263,40825
264,40824
265,40823
266,40822
267,40821
268,40820
269,40819
270,40818
271,40817
272,40816
273,40815
274,40814
275,40813
276,40812
277,40811
278,40810
279,40809
280,40808
281,40807
282,40799
283,40798
284,40797
285,40796
286,40789
287,40788
288,40786
289,40776
290,40775
291,40761
292,40760
293,40758
294,40757
295,40745
296,40744
297,40743
298,40742
299,40740
300,40738
301,40736
302,40731
303,40727
304,40726
305,40724
306,40714
307,40707
308,40706
309,40703
310,40702
311,40700
312,40699
313,40698
314,40696
315,40695
316,40694
317,40693
318,40691
319,40690
320,40689
321,40688
322,40682
323,40681
324,40663
325,40658
326,40657
327,40656
328,40654
329,40653
330,40652
331,40651
332,40647
333,40646
334,40644
335,40643
336,40641
337,40635
338,40634
339,40628
340,40627
341,40624
342,40585
343,40584
344,40583
345,40581
346,40580
347,40579
348,40578
349,40572
350,40570
351,40569
352,40568
353,40567
354,40559
355,40558
356,40555
357,40550
358,40549
359,40548
360,40547
361,40546
362,40545
363,40544
364,40543
365,40527
366,40526
367,40525
368,40524
369,40523
370,40522
371,40517
372,40516
373,40513
374,40504
375,40497
376,40487
377,40486
378,40485
379,40475
380,40461
381,40458
382,40457
383,40456
384,40454
385,40453
386,40452
387,40442
388,40441
389,40440
390,40438
391,40436
392,40433
393,40426
394,40417
395,40416
396,40415
397,40405
398,40392
399,40386
400,40384
401,40383
402,40379
403,40376
404,40375
405,40374
406,40365
407,40364
408,40363
409,40360
410,40359
411,40358
412,40357
413,40356
414,40354
415,40353
416,40351
417,40350
418,40347
419,40346
420,40345
421,40344
422,40337
423,40324
424,40314
425,40313
426,40312
427,40311
428,40265
429,40264
430,40263
431,40262
432,40261
433,40260
434,40259
435,40258
436,40257
437,40256
438,40255
439,40254
440,40253
441,40252
442,40251
443,40250
444,40249
445,40248
446,40247
447,40246
448,40245
449,40244
450,40243
451,40242
452,40241
453,40240
454,40239
455,40238
456,40237
457,40235
458,40234
459,40233
460,40232
461,40231
462,40230
463,40229
464,40228
465,40227
466,40226
467,40225
468,40224
469,40223
470,40219
471,40175
472,40173
473,40171
474,40169
475,40168
476,40167
477,40166
478,40165
479,40159
480,40157
481,40155
482,40149
483,40148
484,40147
485,40146
486,40145
487,40144
488,40140
489,40134
490,40133
491,40132
492,40131
493,40130
494,40129
495,40128
496,40127
497,40125
498,40123
499,40122
500,40121
501,40120
502,40118
503,40117
504,40116
505,40115
506,40114
507,40113
508,40112
509,40111
510,40110
511,40109
512,40108
513,40107
514,40106
515,40105
516,40104
517,40103
518,40102
519,40101
520,40100
521,40099
522,40098
523,40097
524,40096
525,40095
526,40094
527,40093
528,40092
529,40091
530,40090
531,40089
532,40088
533,40087
534,40086
535,40085
536,40084
537,40083
538,40082
539,40081
540,40080
541,40079
542,40078
543,40077
544,40076
545,40075
546,40074
547,40072
548,40071
549,40070
550,40063
551,40062
552,40056
553,40054
554,40053
555,40052
556,40051
557,40036
558,40035
559,40034
560,40032
561,40031
562,40029
563,39994
564,39989
565,39985
566,39980
567,39968
568,39967
569,39963
570,39962
571,39960
572,39950
573,39949
574,39947
575,39946
576,39945
577,39941
578,39939
579,39935
580,39933
581,39932
582,39931
583,39929
584,39929
585,39928
586,39924
587,39911
588,39907
589,39906
590,39905
591,39904
592,39902
593,39900
594,39887
595,39726
596,39386
597,42039
598,42052
599,42057
600,42065
601,42067
602,42068
603,42085
604,42086
605,42089
606,42096
607,42097
608,42098
609,42099
610,42103
611,42102
612,42100
613,42051
614,42109
615,42110
616,42115
617,42116
618,42117
619,42134
620,42135
621,42137
622,42147
623,42160
624,42168
625,42159
626,42161
627,42162
628,42163
629,42164
630,42165
631,42170
632,42181
633,42158
634,42187
635,42182
636,42188
637,42220
638,42221
639,42222
640,42225
641,41450
642,42223
643,42226
644,42227
645,42237
646,42219
647,42224
648,42239
649,42240
650,42241
651,42193
652,42247
653,42248
654,42250
655,42251
656,42249
657,42257
658,42258
659,42260
660,42261
661,42262
662,42264
663,42265
664,42266
665,42267
666,42269
667,42272
668,42273
669,42275
670,42276
671,42281
672,42278
673,42282
674,42283
675,42284
676,42286
677,42287
678,42288
679,42289
680,42290
681,42285
682,42242
683,42246
684,42294
685,42295
686,42296
687,42297
688,42304
689,42306
690,42307
691,42238
692,42298
693,42299
694,42300
695,42327
696,42330
697,42331
698,42335
699,42326
700,42339
701,42316
702,42318
703,42324
704,42325
705,42332
706,42336
707,42338
708,42208
709,42301
710,42357
711,42359
712,42360
713,42341
714,42340
715,42344
716,42356
717,42337
718,42365
719,42376
720,42379
721,42382
722,42401
723,42402
724,42427
725,42358
726,42363
727,42403
728,42404
729,42407
730,42429
731,42430
732,42408
733,42409
734,42426
735,42442
736,42443
737,42444
738,42400
739,42425
740,42026
741,42373
742,42460
743,42462
744,42466
745,42467
746,42468
747,42470
748,42471
749,42474
750,42478
751,42480
752,42481
753,42490
754,42493
755,42494
756,42509
757,42515
758,42428
759,42432
760,42516
761,42517
762,42518
763,42519
764,42524
765,42459
766,42491
767,42512
768,42513
769,42514
770,42520
771,42521
772,42542
773,42543
774,42544
775,42545
776,42558
777,42559
778,42566
779,42570
780,42575
781,42469
782,42557
783,42571
784,42574
785,42576
786,42578
787,42555
788,42560
789,42572
790,42573
791,42594
792,42604
793,42625
794,42626
795,42627
796,42629
797,42547
798,42657
799,42651
800,42653
801,42654
802,42663
803,42672
804,42673
805,42677
806,42678
807,42680
808,42649
809,42639
810,42641
811,42647
812,42546
813,42618
814,42648
815,42652
816,42681
817,42661
818,42693
819,42701
820,42703
821,42704
822,42705
823,42706
824,42707
825,42709
826,42710
827,42711
828,42720
829,42721
830,42723
831,42724
832,42726
833,42748
834,42749
835,42750
836,42758
837,42579
838,42616
839,42662
840,42769
841,42762
842,42763
843,42764
844,42771
845,42772
846,42674
847,42774
848,42773
849,42489
850,42628
851,42765
852,42768
853,42798
854,42817
855,42775
856,42776
857,42777
858,42778
859,42787
860,42789
861,42790
862,42791
863,42792
864,42793
865,42794
866,42795
867,42799
868,42802
869,42805
870,42806
871,42820
872,42822
873,42824
874,42828
875,42829
876,42830
877,42832
878,42833
879,42836
880,42837
881,42840
882,42839
883,42838
884,42819
885,42818
886,42788
887,42827
888,42848
889,42666
890,42853
891,42857
892,42858
893,42860
894,42861
895,42862
896,42869
897,42872
898,42878
899,42881
900,42882
901,42873
902,42883
903,42888
904,42889
905,42891
906,42892
907,42902
908,42904
909,42905
910,42908
911,42909
912,42910
913,42911
914,42912
915,42890
916,42927
917,42937
918,42938
919,42939
920,42944
921,42971
922,42859
923,42936
924,42958
925,42959
926,42960
927,42961
928,42963
929,42972
930,42973
931,42974
932,42976
933,42978
934,42979
935,42993
936,42994
937,43005
938,43016
939,43017
940,43020
941,43021
942,43022
943,43023
944,43028
945,43029
946,43030
947,43038
948,43039
949,43040
950,43043
951,42955
952,43048
953,43049
954,43050
955,43051
956,43053
957,43058
958,43059
959,43060
960,43061
961,43044
962,43045
963,43046
964,43047
965,99999
966,43078
967,43079
968,43080
969,43083
970,43088
971,43090
972,43094
973,43095
974,43097
975,43100
976,43101
977,43102
978,43104
979,43105
980,43116
981,43119
982,43120
983,43121
984,43122
985,43124
986,43127
987,43128
988,43130
989,43132
990,42917
991,43107
992,43123
993,43134
994,43135
995,43136
996,43137
997,43140
998,43141
999,43142
1000,43143
1001,43146
1002,43150
1003,43155
1004,43156
1005,43159
1006,43161
1007,43165
1008,43151
1009,43160
1010,43162
1011,43163
1012,43167
1013,43169
1014,43196
1015,43197
1016,43198
1017,43027
1018,43200
1019,43203
1020,43205
1021,43206
1022,43207
1023,43208
1024,43209
1025,43210
1026,43211
1027,43213
1028,43215
1029,43204
1030,43243
1031,43250
1032,43232
1033,43234
1034,43171
1035,43147
1036,43235
1037,43236
1038,43239
1039,43244
1040,43245
1041,43246
1042,43247
1043,43248
1044,43249
1045,43252
1046,43255
1047,43256
1048,43258
1049,43264
1050,43267
1051,43268
1052,43271
1053,43272
1054,43274
1055,43276
1056,43278
1057,43240
1058,43242
1059,43266
1060,43260
1061,43261
1062,43279
1063,43281
1064,43282
1065,43285
1066,43288
1067,43289
1068,43291
1069,43292
1070,43294
1071,43297
1072,43301
1073,43303
1074,43304
1075,43306
1076,43287
1077,43298
1078,43310
1079,43315
1080,43316
1081,43317
1082,43318
1083,43319
1084,43328
1085,43313
1086,43330
1087,43331
1088,43334
1089,43335
1090,43336
1091,43337
1092,43343
1093,43344
1094,43354
1095,43355
1096,43360
1097,43363
1098,43366
1099,43370
1100,43371
1101,43372
1102,43378
1103,43379
1104,43353
1105,43361
1106,43375
1107,43382
1108,43383
1109,43384
1110,43385
1111,43392
1112,43393
1113,43395
1114,43332
1115,43414
1116,43397
1117,43399
1118,43400
1119,43401
1120,43402
1121,43404
1122,43405
1123,43406
1124,43409
1125,43412
1126,43415
1127,43418
1128,43419
1129,43420
1130,43422
1131,43290
1132,43429
1133,43431
1134,43435
1135,43426
1136,43427
1137,43433
1138,43440
1139,43441
1140,43445
1141,43446
1142,43448
1143,43456
1144,43457
1145,43460
1146,43461
1147,43464
1148,43475
1149,43477
1150,43478
1151,43480
1152,43482
1153,43483
1154,43450
1155,43451
1156,43452
1157,43502
1158,43487
1159,43488
1160,43500
1161,43503
1162,43506
1163,43508
1164,43491
1165,43495
1166,43499
1167,43498
1168,43501
1169,43510
1170,43514
1171,43515
1172,43516
1173,43517
1174,43520
1175,43521
1176,43522
1177,43523
1178,43528
1179,43529
1180,43542
1181,43432
1182,43532
1183,43535
1184,43536
1185,43539
1186,43545
1187,43554
1188,43555
1189,43556
1190,43557
1191,43559
1192,43566
1193,43567
1194,43570
1195,43572
1196,43577
1197,43578
1198,43579
1199,43581
1200,43582
1201,43583
1202,43584
1203,43586
1204,43588
1205,43589
1206,43592
1207,43593
1208,43595
1209,43597
1210,43598
1211,43601
1212,43602
1213,43561
1214,43609
1215,43612
1216,43613
1217,43615
1218,43616
1219,43621
1220,43623
1221,43624
1222,43627
1223,43634
1224,43635
1225,43636
1226,43639
1227,43640
1228,43643
1229,43644
1230,43645
1231,43652
1232,43659
1233,43479
1234,43531
1235,43651
1236,43660
1237,43661
1238,43662
1239,43664
1240,43665
1241,43667
1242,43674
1243,43668
1244,43670
1245,43671
1246,43672
1247,43679
1248,43680
1249,43685
1250,43686
1251,43687
1252,43688
1253,43689
1254,43694
1255,43702
1256,43703
1257,43705
1258,43707
1259,43708
1260,43709
1261,43729
1262,43712
1263,43715
1264,43716
1265,43719
1266,43723
1267,43695
1268,43730
1269,43731
1270,43733
1271,43734
1272,43736
1273,43737
1274,43740
1275,43741
1276,43742
1277,43743
1278,43744
1279,43747
1280,43753
1281,43756
1282,43754
1283,43759
1284,43760
1285,43764
1286,43767
1287,43770
1288,43653
1289,43775
1290,43783
1291,43785
1292,43787
1293,43788
1294,43790
1295,43791
1296,43793
1297,43794
1298,43795
1299,43799
1300,43802
1301,43804
1302,43807
1303,43808
1304,43809
1305,43810
1306,43815
1307,43820
1308,43821
1309,43824
1310,43825
1311,43826
1312,43828
1313,43829
1314,43848
1315,43827
1316,43830
1317,43834
1318,43846
1319,43851
1320,43860
1321,43863
1322,43864
1323,43865
1324,43875
1325,43845
1326,43855
1327,43868
1328,43869
1329,43877
1330,43885
1331,43854
1332,43871
1333,43872
1334,43873
1335,43889
1336,43890
1337,43892
1338,43893
1339,43894
1340,43895
1341,43896
1342,43899
1343,43902
1344,43915
1345,43898
1346,43933
1347,43934
1348,43913
1349,43916
1350,43917
1351,43921
1352,43923
1353,43924
1354,43926
1355,43927
1356,43931
1357,43932
1358,43911
1359,43920
1360,43928
1361,43935
1362,43908
1363,43912
1364,43944
1365,43945
1366,43952
1367,43969
1368,43964
1369,43970
1370,43971
1371,43972
1372,43962
1373,43976
1374,43981
1375,43988
1376,43989
1377,43994
1378,43995
1379,43996
1380,43999
1381,44004
1382,44005
1383,44001
1384,44010
1385,44012
1386,44014
1387,44015
1388,44018
1389,44030
1390,43982
1391,44023
1392,44031
1393,44035
1394,44037
1395,44054
1396,44048
1397,44059
1398,44061
1399,44062
1400,44064
1401,44055
1402,44051
1403,44053
1404,44068
1405,44069
1406,44070
1407,44073
1408,44074
1409,44076
1410,44081
1411,44086
1412,44087
1413,44088
1414,44089
1415,44090
1416,44091
1417,44092
1418,44094
1419,44095
1420,44097
1421,44098
1422,44102
1423,44108
1424,44111
1425,44112
1426,44114
1427,44126
1428,44117
1429,44118
1430,44133
1431,44135
1432,44144
1433,44145
1434,44148
1435,44149
1436,44116
1437,44143
1438,44150
1439,44158
1440,44160
1441,44162
1442,44164
1443,44165
1444,44172
1445,44166
1446,44167
1447,44168
1448,44170
1449,44017
1450,44181
1451,44184
1452,44185
1453,44186
1454,44195
1455,44197
1456,44200
1457,44206
1458,44207
1459,44208
1460,44210
1461,44212
1462,44215
1463,44216
1464,44219
1465,44220
1466,44221
1467,44225
1468,44227
1469,44235
1470,44236
1471,44247
1472,44254
1473,44255
1474,44256
1475,44257
1476,44267
1477,44268
1478,44269
1479,44270
1480,44272
1481,44273
1482,44274
1483,44298
1484,44275
1485,44277
1486,44279
1487,44280
1488,44281
1489,44282
1490,44283
1491,44284
1492,44285
1493,44286
1494,44289
1495,44293
1496,44294
1497,44295
1498,44305
1499,44306
1500,44287
1501,44308
1502,44310
1503,44311
1504,44313
1505,44315
1506,44320
1507,44322
1508,44323
1509,44139
1510,44331
1511,44333
1512,44334
1513,44335
1514,44340
1515,44343
1516,44344
1517,44348
1518,44349
1519,44352
1520,44358
1521,44359
1522,44376
1523,44362
1524,44386
1525,44392
1526,44372
1527,44374
1528,44375
1529,44377
1530,44380
1531,44382
1532,44383
1533,44384
1534,44385
1535,44378
1536,44413
1537,44399
1538,44403
1539,44410
1540,44414
1541,44404
1542,-0000
1543,44416
1544,44425
1545,44423
1546,44408
1547,44409
1548,44371
1549,44426
1550,44439
1551,44405
1552,44412
1553,44429
1554,44430
1555,44435
1556,44441
1557,44442
1558,44448
1559,44456
1560,44458
1561,44460
1562,44467
1563,44469
1564,44471
1565,44478
1566,44479
1567,44480
1568,44483
1569,44484
1570,44485
1571,44486
1572,44489
1573,44491
1574,44498
1575,44499
1576,44500
1577,44505
1578,44506
1579,44507
1580,44508
1581,44510
1582,44511
1583,44459
1584,44515
1585,44516
1586,44519
1587,44536
1588,44537
1589,44538
1590,44554
1591,44555
1592,44556
1593,44558
1594,44559
1595,44560
1596,44565
1597,44578
1598,44579
1599,44580
1600,44582
1601,44589
1602,44591
1603,44592
1604,44598
1605,44599
1606,44601
1607,44602
1608,44603
1609,44604
1610,44605
1611,44547
1612,44553
1613,44618
1614,44632
1615,44606
1616,44610
1617,44624
1618,44630
1619,44619
1620,44633
1621,44631
1622,44636
1623,44637
1624,44644
1625,44645
1626,44617
1627,44527
1628,44657
1629,44658
1630,44668
1631,44670
1632,44671
1633,44672
1634,44676
1635,44679
1636,44690
1637,44700
1638,44684
1639,44685
1640,44687
1641,44695
1642,44715
1643,44718
1644,44714
1645,44705
1646,47168
1647,44723
1648,44725
1649,44732
1650,44728
1651,44733
1652,44734
1653,44736
1654,44737
1655,44738
1656,44742
1657,44744
1658,44746
1659,44747
1660,44722
1661,44707
1662,44751
1663,44752
1664,44753
1665,44754
1666,44755
1667,44756
1668,44757
1669,44761
1670,44767
1671,44771
1672,44778
1673,44777
1674,44759
1675,44787
1676,44799
1677,44788
1678,44781
1679,44784
1680,44797
1681,44794
1682,44798
1683,44785
1684,44790
1685,44802
1686,44803
1687,44805
1688,44810
1689,44817
1690,44822
1691,44824
1692,44825
1693,44811
1694,44813
1695,44835
1696,44836
1697,44837
1698,44838
1699,44840
1700,44844
1701,44845
1702,44857
1703,44858
1704,44859
1705,44862
1706,44864
1707,44865
1708,44877
1709,44789
1710,44807
1711,44872
1712,44885
1713,44892
1714,44893
1715,44894
1716,44895
1717,44897
1718,44898
1719,44920
1720,44878
1721,44904
1722,44905
1723,44912
1724,44913
1725,44916
1726,44917
1727,44919
1728,44921
1729,44922
1730,44923
1731,44924
1732,44925
1733,44926
1734,44934
1735,44937
1736,44938
1737,44942
1738,44943
1739,44944
1740,44946
1741,44947
1742,44950
1743,44955
1744,44956
1745,44957
1746,44960
1747,44963
1748,44965
1749,44966
1750,44982
1751,44984
1752,44985
1753,44987
1754,44975
1755,44976
1756,44972
1757,44981
1758,44999
1759,45000
1760,45001
1761,45003
1762,44989
1763,44991
1764,44993
1765,44995
1766,44996
1767,44997
1768,45010
1769,44998
1770,45045
1771,44903
1772,45013
1773,45017
1774,45018
1775,45029
1776,45030
1777,45031
1778,45037
1779,45039
1780,45040
1781,45044
1782,45046
1783,45047
1784,45050
1785,45051
1786,45053
1787,45054
1788,45057
1789,45058
1790,45065
1791,45063
1792,45070
1793,45071
1794,45074
1795,45075
1796,45078
1797,45081
1798,45092
1799,45068
1800,45085
1801,45087
1802,45089
1803,45090
1804,45091
1805,45096
1806,45097
1807,45098
1808,45103
1809,45104
1810,45108
1811,45109
1812,45111
1813,45112
1814,45113
1815,45114
1816,45116
1817,45119
1818,45124
1819,45125
1820,45011
1821,45082
1822,45129
1823,45130
1824,45131
1825,45137
1826,45147
1827,45149
1828,45150
1829,45156
1830,45162
1831,45163
1832,45170
1833,45174
1834,45175
1835,45176
1836,45177
1837,45179
1838,45181
1839,45183
1840,45185
1841,45186
1842,45188
1843,45189
1844,45190
1845,45191
1846,45194
1847,45195
1848,45196
1849,45138
1850,45158
1851,45165
1852,45167
1853,45171
1854,45172
1855,45173
1856,45180
1857,45184
1858,45198
1859,45202
1860,45203
1861,45199
1862,45204
1863,45205
1864,45206
1865,45213
1866,45214
1867,45215
1868,45216
1869,45218
1870,45220
1871,45221
1872,45222
1873,45224
1874,45225
1875,45182
1876,45229
1877,45230
1878,45231
1879,45234
1880,45240
1881,45241
1882,45242
1883,45246
1884,45247
1885,45250
1886,45251
1887,45252
1888,45253
1889,45201
1890,45200
1891,45256
1892,45257
1893,45258
1894,45259
1895,45260
1896,45261
1897,45262
1898,45263
1899,45271
1900,45273
1901,45276
1902,45277
1903,45278
1904,45279
1905,45280
1906,45284
1907,45285
1908,45286
1909,45287
1910,45303
1911,45293
1912,45301
1913,45302
1914,45305
1915,45309
1916,45310
1917,45315
1918,45316
1919,45318
1920,45319
1921,45327
1922,45328
1923,45329
1924,45312
1925,45313
1926,45330
1927,45336
1928,45337
1929,45346
1930,45348
1931,45350
1932,45351
1933,45358
1934,45359
1935,45360
1936,45361
1937,45362
1938,45366
1939,45369
1940,45372
1941,45378
1942,45403
1943,45393
1944,45394
1945,45399
1946,45400
1947,45404
1948,45405
1949,45406
1950,45418
1951,45419
1952,45421
1953,45423
1954,45425
1955,45429
1956,45431
1957,45432
1958,45433
1959,45434
1960,45436
1961,45441
1962,45442
1963,45443
1964,45445
1965,45446
1966,45447
1967,45448
1968,45449
1969,45450
1970,45451
1971,45453
1972,45460
1973,45473
1974,45462
1975,45465
1976,45468
1977,45470
1978,45480
1979,45484
1980,45464
1981,45489
1982,45492
1983,45506
1984,45508
1985,45513
1986,45514
1987,45515
1988,45516
1989,45517
1990,45518
1991,45519
1992,45520
1993,45522
1994,45534
1995,45535
1996,45536
1997,45537
1998,45538
1999,45505
2000,45563
2001,45564
2002,45570
2003,45571
2004,45572
2005,45573
2006,45543
2007,45548
2008,45550
2009,45560
2010,45561
2011,45562
2012,45587
2013,45588
2014,45590
2015,45596
2016,45597
2017,45603
2018,45606
2019,45608
2020,45609
2021,45611
2022,45614
2023,45622
2024,45624
2025,45625
2026,45626
2027,45628
2028,45643
2029,45644
2030,45645
2031,45646
2032,45660
2033,45664
2034,45665
2035,45666
2036,45670
2037,45627
2038,45594
2039,45641
2040,45654
2041,45667
2042,45684
2043,45705
2044,45685
2045,45686
2046,45695
2047,45702
2048,45706
2049,45707
2050,45709
2051,45690
2052,45720
2053,45725
2054,45730
2055,45731
2056,45735
2057,45736
2058,45737
2059,45739
2060,45655
2061,45704
2062,45710
2063,45712
2064,45718
2065,45719
2066,45721
2067,45722
2068,45742
2069,45743
2070,45746
2071,45748
2072,45753
2073,45759
2074,45761
2075,45765
2076,45767
2077,45768
2078,45769
2079,45770
2080,45771
2081,45772
2082,45806
2083,45813
2084,45814
2085,45818
2086,45819
2087,45822
2088,45817
2089,45784
2090,45787
2091,45825
2092,45826
2093,45827
2094,45832
2095,45846
2096,45774
2097,45775
2098,45786
2099,45805
2100,45812
2101,45815
2102,45820
2103,45821
2104,45824
2105,45828
2106,45829
2107,45833
2108,45834
2109,45836
2110,45837
2111,45838
2112,45842
2113,45845
2114,45847
2115,45851
2116,45853
2117,45779
2118,45830
2119,45840
2120,45773
2121,45783
2122,45883
2123,45884
2124,45891
2125,45863
2126,45865
2127,45867
2128,45868
2129,45870
2130,45874
2131,45781
2132,45885
2133,45900
2134,45916
2135,45873
2136,45905
2137,45908
2138,45621
2139,45887
2140,45915
2141,45919
2142,45920
2143,45922
2144,45926
2145,45927
2146,45930
2147,45931
2148,45933
2149,45935
2150,45939
2151,45816
2152,45860
2153,45897
2154,45942
2155,45946
2156,45858
2157,45878
2158,45903
2159,45940
2160,45943
2161,45944
2162,45945
2163,45962
2164,45914
2165,45967
2166,45955
2167,45968
2168,45972
2169,45980
2170,45989
2171,45990
2172,45741
2173,45886
2174,45792
2175,45984
2176,45986
2177,45988
2178,45991
2179,45992
2180,45994
2181,45995
2182,45993
2183,46001
2184,46006
2185,46007
2186,46010
2187,46020
2188,46017
2189,46013
2190,46028
2191,46026
2192,46021
2193,46031
2194,46032
2195,46023
2196,46029
2197,46014
2198,46030
2199,46003
2200,46015
2201,46035
2202,46056
2203,46042
2204,46060
2205,46059
2206,46053
2207,46052
2208,46046
2209,46057
2210,46037
2211,46045
2212,46047
2213,46051
2214,46054
2215,46034
2216,46058
2217,46064
2218,46043
2219,46068
2220,46084
2221,46083
2222,46048
2223,46065
2224,46069
2225,46075
2226,46079
2227,46091
2228,46093
2229,46089
2230,46094
2231,46097
2232,46099
2233,46104
2234,46105
2235,46114
2236,45982
2237,46070
2238,46100
2239,46102
2240,46103
2241,46120
2242,46126
2243,46127
2244,46109
2245,46117
2246,46132
2247,46129
2248,46133
2249,46135
2250,46128
2251,46036
2252,46140
2253,46142
2254,46143
2255,46144
2256,46146
2257,46147
2258,46159
2259,46162
2260,46184
2261,46160
2262,46168
2263,46169
2264,46172
2265,46176
2266,46181
2267,46182
2268,46174
2269,46183
2270,46152
2271,46192
2272,46209
2273,46218
2274,46243
2275,46195
2276,46196
2277,46208
2278,46213
2279,46226
2280,46233
2281,46242
2282,46193
2283,46170
2284,46236
2285,46251
2286,46167
2287,46219
2288,46257
2289,46259
2290,46224
2291,46227
2292,46282
2293,46210
2294,46191
2295,46201
2296,46206
2297,46225
2298,46240
2299,46247
2300,46250
2301,46258
2302,46262
2303,46263
2304,46271
2305,46292
2306,46293
2307,46273
2308,46279
2309,46283
2310,46285
2311,46255
2312,46312
2313,46252
2314,46365
2315,46203
2316,46204
2317,46305
2318,46307
2319,46323
2320,46334
2321,46350
2322,46235
2323,46363
2324,46253
2325,46345
2326,46295
2327,46331
2328,46333
2329,46340
2330,46349
2331,46360
2332,46354
2333,46359
2334,46361
2335,46378
2336,46301
2337,46306
2338,46241
2339,46270
2340,46272
2341,46294
2342,46362
2343,46385
2344,46387
2345,46388
2346,46393
2347,46392
2348,46403
2349,46405
2350,46423
2351,46300
2352,46409
2353,46421
2354,46426
2355,46437
2356,46166
2357,46443
2358,46400
2359,46402
2360,46428
2361,46438
2362,46440
2363,46445
2364,46433
2365,46444
2366,46450
2367,46439
2368,46442
2369,46466
2370,46427
2371,46461
2372,46493
2373,46463
2374,46521
2375,46478
2376,46481
2377,46477
2378,46485
2379,46503
2380,46510
2381,46539
2382,46542
2383,46468
2384,46469
2385,46491
2386,46497
2387,46504
2388,46509
2389,46541
2390,46495
2391,46487
2392,46432
2393,46543
2394,46492
2395,46456
2396,46457
2397,46490
2398,46517
2399,46558
2400,46573
2401,46514
2402,46593
2403,46556
2404,46482
2405,46471
2406,46528
2407,46571
2408,46577
2409,46636
2410,46585
2411,46546
2412,46512
2413,46555
2414,46598
2415,46638
2416,46656
2417,46567
2418,46586
2419,46637
2420,46609
2421,46666
2422,46579
2423,46523
2424,46694
2425,46646
2426,46594
2427,46645
2428,46626
2429,46524
2430,46604
2431,46689
2432,46610
2433,46562
2434,46691
2435,46566
2436,46671
2437,46652
2438,46537
2439,46668
2440,46530
2441,46608
2442,46651
2443,46729
2444,46672
2445,46733
2446,46722
2447,46455
2448,46693
2449,46532
2450,46650
2451,46657
2452,46683
2453,46710
2454,46912
2455,46891
2456,46901
2457,46921
2458,46536
2459,46696
2460,46726
2461,46724
2462,46884
2463,46639
2464,46682
2465,46540
2466,46945
2467,46601
2468,46531
2469,46589
2470,46653
2471,46687
2472,46702
2473,46734
2474,46744
2475,46761
2476,46768
2477,46875
2478,46877
2479,46927
2480,46906
2481,46658
2482,46873
2483,46876
2484,46881
2485,46708
2486,46799
2487,46801
2488,46970
2489,46752
2490,46770
2491,46879
2492,46941
2493,46988
2494,47005
2495,46998
2496,46802
2497,46903
2498,46966
2499,46793
2500,46981
2501,46902
2502,46765
2503,47044
2504,46995
2505,46612
2506,46859
2507,46961
2508,46978
2509,47013
2510,46771
2511,47055
2512,47057
2513,47067
2514,47069
2515,47070
2516,47077
2517,46917
2518,46942
2519,46904
2520,46979
2521,46605
2522,47098
2523,47015
2524,46557
2525,47088
2526,46746
2527,47163
2528,46987
2529,46713
2530,46949
2531,46762
2532,47030
2533,47037
2534,47049
2535,47002
2536,46529
2537,46963
2538,47001
2539,47050
2540,47053
2541,47101
2542,47113
2543,47056
2544,47100
2545,47190
2546,47158
2547,47047
2548,47087
2549,47063
2550,47177
2551,47052
2552,46795
2553,46825
2554,46834
2555,46844
2556,46848
2557,46798
2558,46858
2559,47003
2560,47004
2561,47014
2562,47048
2563,47064
2564,47066
2565,47068
2566,47072
2567,47073
2568,47074
2569,47089
2570,47090
2571,47094
2572,47095
2573,47107
2574,47116
2575,47117
2576,47146
2577,47149
2578,47162
2579,47203
2580,47241
2581,47078
2582,47097
2583,46960
2584,47307
2585,47320
2586,47193
2587,47308
2588,47336
2589,47124
2590,47125
2591,47221
2592,47384
2593,47175
2594,47150
2595,47224
2596,47208
2597,47228
2598,47404
2599,47209
2600,47220
2601,46939
2602,47135
2603,47215
2604,47222
2605,47223
2606,47225
2607,47227
2608,47252
2609,47310
2610,47373
2611,47321
2612,47133
2613,47134
2614,47176
2615,47202
2616,47273
2617,47274
2618,47275
2619,47292
2620,47294
2621,47306
2622,47309
2623,47315
2624,47322
2625,47036
2626,47366
2627,47367
2628,47342
2629,47450
2630,47452
2631,47395
2632,47262
2633,47317
2634,46860
2635,47288
2636,47331
2637,47332
2638,47333
2639,47334
2640,47340
2641,47345
2642,47380
2643,47381
2644,47401
2645,47402
2646,47428
2647,47446
2648,47455
2649,47473
2650,47492
2651,47501
2652,47304
2653,47456
2654,47414
2655,47610
2656,47666
2657,47611
2658,47612
2659,47619
2660,47620
2661,47481
2662,47508
2663,47469
2664,47474
2665,47476
2666,47479
2667,47482
2668,47485
2669,47507
2670,47549
2671,47656
2672,47552
2673,47616
2674,47524
2675,47559
2676,47680
2677,47702
2678,47427
2679,47689
2680,47460
2681,47510
2682,47536
2683,47537
2684,47538
2685,47535
2686,47583
2687,47587
2688,47613
2689,47692
2690,47511
2691,47725
2692,47687
2693,47747
2694,47684
2695,47438
2696,47739
2697,47706
2698,47519
2699,47783
2700,47614
2701,47670
2702,47754
2703,47675
2704,47771
2705,47773
2706,47861
2707,47691
2708,47774
2709,47840
2710,47690
2711,47539
2712,47570
2713,47586
2714,47601
2715,47602
2716,47609
2717,47623
2718,47631
2719,47665
2720,47673
2721,47791
2722,47806
2723,47820
2724,47828
2725,47851
2726,47852
2727,47877
2728,47749
2729,47578
2730,47781
2731,47660
2732,47603
2733,47887
2734,47890
2735,47935
2736,47928
2737,47145
2738,47803
2739,47905
2740,47843
2741,47918
2742,47833
2743,47832
2744,47842
2745,47742
2746,47853
2747,47866
2748,47808
2749,47821
2750,47997
2751,47572
2752,47608
2753,47681
2754,47641
2755,47682
2756,47693
2757,47751
2758,47753
2759,47762
2760,47768
2761,47809
2762,47811
2763,47815
2764,47819
2765,47823
2766,47871
2767,46935
2768,47901
2769,47903
2770,47954
2771,47671
2772,47836
2773,47893
2774,47934
2775,47829
2776,47923
2777,47926
2778,47834
2779,48009
2780,47939
2781,48020
2782,47838
2783,47850
2784,47949
2785,48023
2786,47963
2787,48110
2788,09344
2789,47813
2790,47837
2791,47972
2792,48046
2793,48099
2794,48125
2795,48142
2796,47835
2797,47908
2798,47988
2799,48027
2800,48024
2801,48055
2802,48001
2803,48017
2804,47996
2805,48128
2806,48100
2807,47916
2808,47973
2809,47961
2810,47962
2811,48003
2812,48006
2813,47986
2814,48008
2815,48028
2816,48031
2817,48045
2818,48089
2819,48094
2820,48184
2821,48068
2822,48182
2823,48187
2824,47855
2825,48225
2826,48216
2827,48192
2828,48038
2829,48040
2830,48041
2831,48194
2832,48039
2833,48179
2834,47977
2835,48229
2836,48238
2837,48030
2838,48213
2839,48004
2840,48011
2841,48053
2842,48054
2843,48086
2844,48090
2845,48051
2846,48237
2847,48047
2848,48048
2849,48093
2850,48116
2851,48152
2852,48203
2853,48205
2854,48217
2855,48232
2856,48244
2857,48185
2858,48295
2859,47925
2860,48327
2861,48284
2862,48321
2863,48320
2864,48298
2865,48114
2866,48130
2867,48285
2868,48287
2869,48088
2870,48168
2871,48275
2872,48366
2873,48381
2874,48166
2875,48312
2876,48101
2877,48102
2878,48167
2879,48406
2880,48281
2881,48330
2882,48212
2883,48261
2884,48324
2885,48400
2886,48443
2887,48197
2888,48234
2889,48239
2890,48243
2891,48245
2892,48249
2893,48251
2894,48259
2895,48290
2896,48328
2897,48394
2898,48395
2899,48279
2900,48454
2901,48461
2902,48391
2903,48286
2904,48460
2905,48342
2906,48492
2907,48278
2908,48303
2909,48325
2910,48456
2911,48459
2912,48440
2913,48420
2914,48523
2915,EMENT
2916,48507
2917,48527
2918,48525
2919,48524
2920,48542
2921,48246
2922,48247
2923,48277
2924,48301
2925,48302
2926,48352
2927,48353
2928,48370
2929,48372
2930,48383
2931,48526
2932,48388
2933,48556
2934,48386
2935,48374
2936,48387
2937,48435
2938,48449
2939,48450
2940,48452
2941,48455
2942,48522
2943,48552
2944,48555
2945,48494
2946,48576
2947,48615
2948,48616
2949,48586
2950,48613
2951,48554
2952,48624
2953,48547
2954,48236
2955,48660
2956,48548
2957,48690
2958,48635
2959,48639
2960,48578
2961,48376
2962,47917
2963,48744
2964,48742
2965,48767
2966,48805
2967,48798
2968,48802
2969,48761
2970,48791
2971,48622
2972,48759
2973,48782
2974,48683
2975,48714
2976,48717
2977,48809
2978,48839
2979,48817
2980,48824
2981,48614
2982,48632
2983,48540
2984,48760
2985,48855
2986,48633
2987,48797
2988,48806
2989,48755
2990,48808
2991,48623
2992,48890
2993,48902
2994,48903
2995,48905
2996,48906
2997,48895
2998,48921
2999,48796
3000,48859
3001,48700
3002,48794
3003,48892
3004,48912
3005,48957
3006,48843
3007,48726
3008,48884
3009,48901
3010,48942
3011,48777
3012,48804
3013,48943
3014,48964
3015,48945
3016,48919
3017,49012
3018,48728
3019,48757
3020,48758
3021,48776
3022,48781
3023,48800
3024,48819
3025,48830
3026,48865
3027,48868
3028,48873
3029,48880
3030,48907
3031,48910
3032,48925
3033,48930
3034,48931
3035,48932
3036,48956
3037,49003
3038,48940
3039,49018
3040,48967
3041,48893
3042,48934
3043,48764
3044,48844
3045,49001
3046,49014
3047,48983
3048,49038
3049,49044
3050,49060
3051,49027
3052,49052
3053,49043
3054,48911
3055,49015
3056,49030
3057,49037
3058,49070
3059,49065
3060,49077
3061,49081
3062,49066
3063,49092
3064,49098
3065,49126
3066,49104
3067,49137
3068,49127
3069,49148
3070,48981
3071,49091
3072,49124
3073,49130
3074,49155
3075,49149
3076,49187
3077,49203
3078,49096
3079,49176
3080,49222
3081,49255
3082,49147
3083,49150
3084,49156
3085,49188
3086,49199
3087,49250
3088,49247
3089,49256
3090,49196
3091,49099
3092,49269
3093,49195
3094,49235
3095,49246
3096,49254
3097,49225
3098,49257
3099,49258
3100,49261
3101,49274
3102,49275
3103,49276
3104,49264
3105,49292
3106,49296
3107,49307
3108,49097
3109,49185
3110,49279
3111,49282
3112,49331
3113,49248
3114,49298
3115,49313
3116,49294
3117,49212
3118,49215
3119,49236
3120,49283
3121,49285
3122,49306
3123,49316
3124,49330
3125,49317
3126,49328
3127,49341
3128,49342
3129,49343
3130,49344
3131,49347
3132,49360
3133,49363
3134,49335
3135,49167
3136,49272
3137,49346
3138,49358
3139,49371
3140,49372
3141,49376
3142,49377
3143,49379
3144,49381
3145,49389
3146,49391
3147,49394
3148,49400
3149,49403
3150,49410
3151,49354
3152,49415
3153,49418
3154,49428
3155,49436
3156,49438
3157,49427
3158,49419
3159,49425
3160,49369
3161,49385
3162,49446
3163,49447
3164,49411
3165,49417
3166,49439
3167,49445
3168,49455
3169,49461
3170,49462
3171,49464
3172,49465
3173,49467
3174,49469
3175,49481
3176,49485
3177,49477
3178,49502
3179,49504
3180,49505
3181,49440
3182,49546
3183,49566
3184,49570
3185,49572
3186,49579
3187,49523
3188,49530
3189,49520
3190,49532
3191,49534
3192,49535
3193,49536
3194,49548
3195,49561
3196,49580
3197,49583
3198,49559
3199,49533
3200,49563
3201,49591
3202,49593
3203,49594
3204,49606
3205,49608
3206,49609
3207,49610
3208,49614
3209,49615
3210,49638
3211,49635
3212,49631
3213,49624
3214,49622
3215,49620
3216,49678
3217,49672
3218,49654
3219,49651
3220,49650
3221,49649
3222,49647
3223,49643
3224,49642
3225,49640
3226,49696
3227,49694
3228,49693
3229,49692
3230,49691
3231,49683
3232,49682
3233,49680
3234,49519
3235,49526
3236,49697
3237,49357
3238,49596
3239,49616
3240,49639
3241,49644
3242,49679
3243,49695
3244,49713
3245,49716
3246,49719
3247,49720
3248,49722
3249,49723
3250,49724
3251,49725
3252,49736
3253,49739
3254,49740
3255,49741
3256,49748
3257,49749
3258,49750
3259,49763
3260,49764
3261,49766
3262,49769
3263,49773
3264,49778
3265,49811
3266,49708
3267,49793
3268,49802
3269,49815
3270,49841
3271,49845
3272,49851
3273,49855
3274,49865
3275,49867
3276,49817
3277,49822
3278,49833
3279,49834
3280,49792
3281,49663
3282,49737
3283,49850
3284,49768
3285,49797
3286,49790
3287,49794
3288,49787
3289,49783
3290,49758
3291,49759
3292,49755
3293,48941
3294,49578
3295,49799
3296,49879
3297,49880
3298,49881
3299,49884
3300,49890
3301,49893
3302,49876
3303,49667
3304,49527
3305,49488
3306,49796
3307,49894
3308,49895
3309,49903
3310,49507
3311,49900
3312,49914
3313,49897
3314,49936
3315,49939
3316,49927
3317,49922
3318,49928
3319,49943
3320,49944
3321,49930
3322,49942
3323,49952
3324,49969
3325,49971
3326,49931
3327,49945
3328,49961
3329,49967
3330,49681
3331,49675
3332,49676
3333,49677
3334,49595
3335,49626
3336,49872
3337,49974
3338,49975
3339,49611
3340,49625
3341,49623
3342,49668
3343,49685
3344,49645
3345,49686
3346,49646
3347,49648
3348,49688
3349,49659
3350,49660
3351,49661
3352,49662
3353,49665
3354,49666
3355,49674
3356,49690
3357,49689
3358,49732
3359,49731
3360,49734
3361,49735
3362,eeded
3363,49738
3364,49743
3365,49746
3366,49745
3367,49744
3368,49747
3369,49751
3370,49752
3371,49753
3372,49754
3373,49756
3374,49757
3375,49761
3376,49765
3377,49730
3378,49733
3379,49721
3380,49779
3381,49780
3382,49781
3383,49782
3384,49784
3385,49785
3386,49786
3387,49788
3388,49789
3389,49791
3390,49652
3391,49889
3392,49875
3393,49896
3394,49898
3395,49963
3396,49980
3397,49982
3398,49989
3399,49990
3400,49991
3401,49992
3402,49993
3403,49994
3404,49995
3405,50007
3406,50018
3407,50020
3408,50023
3409,50027
3410,50030
3411,50042
3412,50043
3413,50005
3414,50046
3415,50058
3416,50059
3417,50061
3418,50065
3419,50036
3420,50057
3421,50062
3422,50056
3423,50055
3424,-0001
3425,50077
3426,50070
3427,50080
3428,50084
3429,50086
3430,50087
3431,50106
3432,50107
3433,50104
3434,50111
3435,50115
3436,50118
3437,50119
3438,50123
3439,50124
3440,50126
3441,50101
3442,50102
3443,50093
3444,50121
3445,50163
3446,50144
3447,50170
3448,50173
3449,50176
3450,50177
3451,50193
3452,50088
3453,50178
3454,50204
3455,50098
3456,50120
3457,50142
3458,50154
3459,50165
3460,50186
3461,50188
3462,50189
3463,50191
3464,50194
3465,50195
3466,50199
3467,50213
3468,50218
3469,50219
3470,50198
3471,50250
3472,50248
3473,50148
3474,50207
3475,50236
3476,50262
3477,50264
3478,50265
3479,50266
3480,50277
3481,50281
3482,50282
3483,50283
3484,50284
3485,50285
3486,50286
3487,50287
3488,50288
3489,50289
3490,50290
3491,50291
3492,50292
3493,50293
3494,50294
3495,50298
3496,50299
3497,50303
3498,50305
3499,50306
3500,50307
3501,50308
3502,50309
3503,50168
3504,50239
3505,50311
3506,50312
3507,50317
3508,50318
3509,50321
3510,50325
3511,50329
3512,50331
3513,50332
3514,50334
3515,50335
3516,50336
3517,50326
3518,50316
3519,50341
3520,50346
3521,50352
3522,50353
3523,50357
3524,50358
3525,50359
3526,50360
3527,50363
3528,50364
3529,50365
3530,50368
3531,50369
3532,50386
3533,50393
3534,50333
3535,50361
3536,50371
3537,50301
3538,50407
3539,50411
3540,50413
3541,50414
3542,50415
3543,50420
3544,50429
3545,50430
3546,50441
3547,50437
3548,50439
3549,50456
3550,50458
3551,50460
3552,50461
3553,50464
3554,50465
3555,50449
3556,50467
3557,50471
3558,50472
3559,50470
3560,50469
3561,50451
3562,50452
3563,50454
3564,50475
3565,50455
3566,50481
3567,50482
3568,50483
3569,50484
3570,50486
3571,50492
3572,50493
3573,50491
3574,50466
3575,50506
3576,50507
3577,50516
3578,50518
3579,50522
3580,50528
3581,50530
3582,50531
3583,50533
3584,50534
3585,50535
3586,50536
3587,50538
3588,50539
3589,50515
3590,50532
3591,50555
3592,50556
3593,50561
3594,50566
3595,50575
3596,50576
3597,50578
3598,50585
3599,50605
3600,50579
3601,50580
3602,50586
3603,50591
3604,50584
3605,50362
3606,50593
3607,50598
3608,50599
3609,50600
3610,50606
3611,50607
3612,50608
3613,50609
3614,50610
3615,50611
3616,50612
3617,50613
3618,50615
3619,50616
3620,50617
3621,50618
3622,50619
3623,50621
3624,50622
3625,50623
3626,50624
3627,50625
3628,50626
3629,50627
3630,50628
3631,50629
3632,50630
3633,50631
3634,50632
3635,50634
3636,50635
3637,50637
3638,50640
3639,50633
3640,50639
3641,50652
3642,50642
3643,50650
3644,50654
3645,50657
3646,50660
3647,50662
3648,50663
3649,50666
3650,50667
3651,50670
3652,50672
3653,50673
3654,50674
3655,50678
3656,50679
3657,50681
3658,50687
3659,50689
3660,50636
3661,50659
3662,50686
3663,50694
3664,50697
3665,50699
3666,50700
3667,50706
3668,50695
3669,50651
3670,50703
3671,50708
3672,50718
3673,50726
3674,50712
3675,50717
3676,  
3677,50775
3678,50755
3679,50733
3680,50734
3681,50737
3682,50738
3683,50743
3684,50745
3685,50749
3686,50750
3687,50751
3688,50754
3689,50757
3690,50759
3691,50740
3692,50753
3693,50769
3694,50774
3695,50779
3696,50787
3697,50780
3698,50789
3699,50765
3700,50800
3701,50799
3702,50808
3703,50809
3704,50810
3705,50811
3706,50813
3707,50812
3708,50850
3709,50868
3710,50875
3711,50803
3712,50814
3713,50817
3714,50827
3715,50828
3716,50829
3717,50830
3718,50831
3719,50832
3720,50833
3721,50840
3722,50846
3723,50860
3724,50862
3725,50867
3726,50883
3727,50889
3728,50848
3729,50878
3730,50890
3731,50891
3732,50892
3733,50894
3734,50895
3735,50847
3736,50865
3737,50881
3738,50897
3739,50905
3740,50911
3741,50921
3742,50932
3743,50877
3744,50879
3745,50898
3746,50903
3747,50919
3748,50931
3749,50943
3750,50942
3751,50947
3752,50949
3753,50978
3754,50983
3755,50984
3756,51007
3757,50838
3758,50861
3759,50925
3760,50956
3761,50958
3762,50964
3763,50975
3764,50976
3765,50977
3766,50979
3767,50980
3768,50981
3769,50996
3770,50998
3771,50999
3772,51004
3773,51010
3774,51023
3775,51029
3776,51032
3777,51039
3778,50962
3779,51043
3780,51047
3781,51049
3782,51055
3783,51058
3784,51059
3785,51060
3786,51067
3787,51071
3788,51075
3789,51077
3790,51081
3791,51028
3792,51036
3793,51069
3794,51079
3795,51078
3796,51084
3797,51087
3798,51091
3799,51098
3800,51099
3801,51101
3802,51104
3803,51105
3804,51108
3805,51109
3806,51066
3807,51082
3808,51107
3809,50968
3810,51116
3811,51117
3812,51125
3813,51127
3814,51128
3815,51129
3816,51130
3817,51136
3818,51137
3819,51138
3820,51140
3821,51141
3822,51142
3823,51143
3824,51144
3825,51145
3826,51146
3827,51147
3828,51148
3829,51149
3830,51150
3831,51152
3832,51153
3833,51154
3834,51199
3835,50995
3836,51013
3837,51157
3838,51158
3839,51160
3840,51164
3841,51171
3842,51172
3843,51174
3844,51175
3845,51177
3846,51178
3847,51181
3848,51185
3849,51187
3850,51191
3851,51192
3852,51200
3853,51212
3854,51214
3855,51217
3856,51221
3857,51228
3858,51229
3859,51230
3860,51231
3861,51233
3862,51245
3863,51248
3864,51190
3865,51253
3866,51254
3867,51255
3868,51259
3869,51262
3870,51265
3871,51266
3872,51267
3873,51268
3874,51271
3875,51273
3876,51274
3877,51275
3878,51277
3879,51279
3880,51282
3881,51285
3882,51234
3883,51284
3884,51286
3885,51311
3886,51316
3887,51318
3888,51320
3889,51333
3890,51345
3891,51332
3892,51334
3893,51335
3894,51343
3895,51371
3896,51346
3897,51352
3898,51356
3899,51358
3900,51360
3901,51370
3902,51376
3903,51380
3904,51381
3905,51382
3906,51385
3907,51374
3908,51398
3909,51401
3910,51403
3911,51404
3912,51405
3913,51406
3914,51407
3915,51409
3916,51410
3917,51411
3918,51412
3919,51416
3920,51417
3921,51418
3922,51432
3923,51420
3924,51426
3925,51430
3926,51431
3927,51436
3928,51437
3929,51443
3930,51482
3931,51291
3932,51447
3933,51450
3934,51451
3935,51452
3936,51453
3937,51455
3938,51458
3939,51459
3940,51460
3941,51461
3942,51462
3943,51469
3944,51471
3945,51473
3946,51485
3947,51486
3948,51487
3949,51467
3950,51506
3951,51492
3952,51499
3953,51503
3954,51520
3955,51527
3956,51530
3957,51536
3958,51538
3959,51543
3960,51539
3961,51549
3962,51550
3963,51551
3964,51552
3965,51554
3966,51556
3967,51557
3968,51558
3969,51559
3970,51561
3971,51572
3972,51573
3973,51574
3974,51577
3975,51578
3976,51580
3977,51585
3978,51586
3979,51588
3980,51589
3981,51569
3982,51570
3983,51590
3984,51596
3985,51602
3986,51603
3987,51605
3988,51619
3989,51620
3990,51621
3991,51625
3992,51627
3993,51628
3994,51632
3995,51638
3996,51639
3997,51640
