fileName,Index
_REV_REL01.XML,10
_REV_REL01001.XML,11
_REV_REL01002.XML,12
_REV_REL01003.XML,94
_REV_REL01004.XML,343
_REV_REL01005.XML,344
_REV_REL01006.XML,345
_REV_REL01007.XML,346
_REV_REL01008.XML,347
_REV_REL02.XML,379
_REV00_REL02.XML,9
01901000 0936 SKID_REV00_REL01.XML,272
01901000 0950_REV01_REL04.XML,169
01901000 0950_REV02_REL05.XML,358
01901000 0951_REV02_REL02.XML,255
01901000 0952_REV01_REL01.XML,170
01901000 0953_REV01_REL05.XML,171
01901000 0954_REV01_REL03.XML,172
01901000 0956_REV01_REL01.XML,173
01901000 0958_REV01_REL06.XML,174
01901000 0958_REV02_REL07.XML,359
01901000 0959_REV01_REL01.XML,175
01901000 0959_REV01_REL02.XML,360
01901000 0960_REV01_REL01.XML,176
01901000 0961_REV01_REL01.XML,177
01901000 0962_REV01_REL01.XML,178
01901000 0963_REV01_REL12.XML,179
01901000 0963_REV02_REL13.XML,361
01901000 0964_REV01_REL03.XML,180
01901000 0965_REV01_REL07.XML,1
01901000 0965_REV01_REL08.XML,181
01901000 0965_REV02_REL09.XML,362
01901000 0966_REV01_REL01.XML,182
01901000 0967_REV01_REL02.XML,183
01901000 0968_REV01_REL09.XML,2
01901000 0968_REV01_REL10.XML,184
01901000 0968_REV03_REL11.XML,363
01901000 0969_REV01_REL01.XML,185
01901000 0969_REV02_REL02.XML,364
01901000 0970_REV01_REL02.XML,186
01901000 0988_REV01_REL01.XML,187
01901000 0988_REV01_REL02.XML,365
03903297 0027-KIT_REV01_REL01.XML,188
19X8 UPS SHELF REVERSE_REV00_REL01.XML,97
19X8 UPS SHELF REVERSE_REV00_REL02.XML,102
48X33.25 SUBPANEL_REV00_REL01.XML,98
48X33.25 SUBPANEL_REV00_REL02.XML,103
54X18 12 GA SIDE PANEL _REV00_REL01.XML,99
54X18 12 GA SIDE PANEL _REV00_REL02.XML,104
54X18 12 GA SIDE PANEL _REV00_REL03.XML,226
72X12X18 GAGE PANEL_REV00_REL01.XML,100
72X12X18 GAGE PANEL_REV00_REL02.XML,105
B68720 SHEET 1_REV00_REL01.XML,101
B68720 SHEET 1z_REV00_REL01.XML,106
CUTTING TEMPLATE_REV00_REL01.XML,375
SPI-00195-317_REV06_REL01.XML,373
SPI-00488-025-SUN_REV00_REL01.XML,95
SPI-00488-025-SUN_REV02_REL02.XML,151
SPI-00488-070_REV00_REL01.XML,25
SPI-00488-071_REV00_REL01.XML,26
SPI-00488-075_REV00_REL01.XML,27
SPI-00488-076_REV00_REL01.XML,28
SPI-00489-055_REV02_REL01.XML,39
SPI-00489-062-P_REV00_REL01.XML,18
SPI-00489-062-PTB_REV00_REL01.XML,17
SPI-00489-062-S_REV00_REL01.XML,20
SPI-00489-062-SUN_REV00_REL01.XML,19
SPI-00489-077_REV00_REL01.XML,30
SPI-00489-077-INSL_REV00_REL01.XML,29
SPI-00947-058_REV02_REL01.XML,79
SPI-01153-025_REV00_REL01.XML,232
SPI-01900216 0671_REV01_REL01.XML,256
SPI-01900216 0806 _REV00_REL01.XML,250
SPI-01900216 0806 _REV00_REL02.XML,372
SPI-01900485 0045_REV03_REL01.XML,276
SPI-01900485 0045GRAY_REV03_REL01.XML,275
SPI-01900702 0156_REV02_REL01.XML,244
SPI-01900702 0159_REV02_REL01.XML,40
SPI-01900702 0167_REV01_REL03.XML,189
SPI-01900702 0167_REV01_REL04.XML,366
SPI-01900702 0168_REV01_REL04.XML,3
SPI-01900702 0168_REV01_REL05.XML,190
SPI-01901000 0840GRAY_REV03_REL01.XML,348
SPI-01901000 0840OT_REV03_REL01.XML,349
SPI-01901000 0841_REV03_REL01.XML,277
SPI-01901000 0850GRAY_REV01_REL01.XML,278
SPI-01901000 0918_REV02_REL01.XML,110
SPI-01901000 0918GT_REV02_REL01.XML,108
SPI-01901000 0918WM_REV02_REL01.XML,109
SPI-01901000 0919_REV02_REL01.XML,115
SPI-01901000 0919GT_REV02_REL01.XML,113
SPI-01901000 0919WM_REV02_REL01.XML,114
SPI-01901000 0920_REV02_REL01.XML,96
SPI-01901000 0920_REV02_REL02.XML,118
SPI-01901000 0920GT_REV02_REL01.XML,116
SPI-01901000 0920WM_REV02_REL01.XML,117
SPI-01901000 0921_REV02_REL01.XML,121
SPI-01901000 0921GT_REV02_REL01.XML,119
SPI-01901000 0921WM_REV02_REL01.XML,120
SPI-01901000 0922_REV03_REL02.XML,124
SPI-01901000 0922GT_REV03_REL02.XML,122
SPI-01901000 0922WM_REV03_REL02.XML,123
SPI-01901000 0923_REV02_REL01.XML,127
SPI-01901000 0923GT_REV02_REL01.XML,125
SPI-01901000 0923WM_REV02_REL01.XML,126
SPI-01901000 0924_REV02_REL01.XML,130
SPI-01901000 0924GT_REV02_REL01.XML,128
SPI-01901000 0924WM_REV02_REL01.XML,129
SPI-01901000 0925_REV02_REL01.XML,131
SPI-01901000 0925_REV02_REL01001.XML,132
SPI-01901000 0925_REV02_REL01002.XML,133
SPI-01901000 0925_REV03_REL02.XML,152
SPI-01901000 0925_REV03_REL02001.XML,153
SPI-01901000 0932_REV03_REL01.XML,378
SPI-01901000 0933GRAY_REV03_REL01.XML,84
SPI-01901000 0934_REV03_REL01.XML,246
SPI-01901000 0934GRAY_REV03_REL01.XML,245
SPI-01901000 0936GRAY_REV02_REL01.XML,273
SPI-01901000 0936GRAY_REV02_REL02.XML,292
SPI-01901000 0937_REV02_REL01.XML,136
SPI-01901000 0937GT_REV02_REL01.XML,134
SPI-01901000 0937WM_REV02_REL01.XML,135
SPI-01901000 0938_REV05_REL01.XML,139
SPI-01901000 0938GT_REV05_REL01.XML,137
SPI-01901000 0938WM_REV05_REL01.XML,138
SPI-01901000 0939_REV05_REL01.XML,140
SPI-01901000 0940_REV04_REL01.XML,144
SPI-01901000 0940GRAY_REV04_REL01.XML,141
SPI-01901000 0940GT_REV04_REL01.XML,142
SPI-01901000 0940WM_REV04_REL01.XML,143
SPI-01901000 0941_REV04_REL01.XML,147
SPI-01901000 0941GRAY_REV04_REL01.XML,145
SPI-01901000 0941WM_REV04_REL01.XML,146
SPI-01901000 0943_REV03_REL01.XML,22
SPI-01901000 0943GRAY_REV03_REL01.XML,21
SPI-01901000 0944_REV03_REL01.XML,150
SPI-01901000 0944GT_REV03_REL01.XML,148
SPI-01901000 0944WM_REV03_REL01.XML,149
SPI-01901000 0945_REV03_REL01.XML,225
SPI-01901000 0945GT_REV03_REL01.XML,223
SPI-01901000 0945WM_REV03_REL01.XML,224
SPI-01901000 0947_REV03_REL01.XML,91
SPI-01901000 0971_REV01_REL01.XML,156
SPI-01901000 0971_REV02_REL02.XML,282
SPI-01901000 0971GT_REV01_REL01.XML,154
SPI-01901000 0971GT_REV02_REL02.XML,279
SPI-01901000 0971RED_REV02_REL01.XML,280
SPI-01901000 0971WM_REV01_REL01.XML,155
SPI-01901000 0971WM_REV02_REL02.XML,281
SPI-01901000 0975GRAY_REV02_REL01.XML,247
SPI-01901000 0985_REV01_REL02.XML,159
SPI-01901000 0985GT_REV01_REL02.XML,157
SPI-01901000 0985WM_REV01_REL02.XML,158
SPI-01901000 0986_REV01_REL01.XML,227
SPI-01901000 0998_REV00_REL01.XML,162
SPI-01901000 0998GT_REV00_REL01.XML,160
SPI-01901000 0998WM_REV00_REL01.XML,161
SPI-01901000 0999_REV00_REL01.XML,87
SPI-01901000 0999GT_REV00_REL01.XML,85
SPI-01901000 0999WM_REV00_REL01.XML,86
SPI-01901000 1161_REV00_REL01.XML,165
SPI-01901000 1161GT_REV00_REL01.XML,163
SPI-01901000 1161WM_REV00_REL01.XML,164
SPI-01901000 1185OT_REV01_REL01.XML,254
SPI-03337-013_REV06_REL01.XML,6
SPI-03903040 0177_REV02_REL01.XML,350
SPI-03903040 0178_REV02_REL01.XML,352
SPI-03903040 0178GRAY_REV02_REL01.XML,351
SPI-03903040 0180_REV01_REL01.XML,284
SPI-03903040 0180OT_REV01_REL01.XML,283
SPI-03903040 0182_REV01_REL01.XML,286
SPI-03903040 0182_REV02_REL02.XML,354
SPI-03903040 0182GRAY_REV01_REL01.XML,285
SPI-03903040 0182GRAY_REV02_REL02.XML,353
SPI-03903040 0183_REV01_REL01.XML,288
SPI-03903040 0183GRAY_REV01_REL01.XML,287
SPI-03903040 0184_REV01_REL01.XML,289
SPI-03903297 0024_REV01_REL03.XML,194
SPI-03903297 0024_REV02_REL04.XML,371
SPI-03903297 0024GT_REV01_REL02.XML,192
SPI-03903297 0024GT_REV02_REL03.XML,368
SPI-03903297 0024-KIT_REV01_REL03.XML,191
SPI-03903297 0024-KIT_REV02_REL04.XML,367
SPI-03903297 0024RED_REV02_REL01.XML,369
SPI-03903297 0024WM_REV01_REL02.XML,193
SPI-03903297 0024WM_REV02_REL03.XML,370
SPI-03903297 0025_REV01_REL01.XML,230
SPI-03903297 0025GT_REV01_REL01.XML,228
SPI-03903297 0025WM_REV01_REL01.XML,229
SPI-03903297 0026_REV01_REL02.XML,5
SPI-03903297 0026_REV01_REL03.XML,197
SPI-03903297 0026GT_REV01_REL01.XML,195
SPI-03903297 0026-KIT_REV01_REL04.XML,4
SPI-03903297 0026WM_REV01_REL01.XML,196
SPI-03903297 0027_REV01_REL01.XML,200
SPI-03903297 0027GT_REV01_REL01.XML,198
SPI-03903297 0027WM_REV01_REL01.XML,199
SPI-03903297 0028_REV02_REL01.XML,203
SPI-03903297 0028_REV02_REL01001.XML,204
SPI-03903297 0028_REV03_REL02.XML,260
SPI-03903297 0028GT_REV02_REL01.XML,201
SPI-03903297 0028GT_REV03_REL02.XML,257
SPI-03903297 0028RED_REV03_REL01.XML,258
SPI-03903297 0028WM_REV02_REL01.XML,202
SPI-03903297 0028WM_REV03_REL02.XML,259
SPI-03903297 0035_REV00_REL01.XML,235
SPI-03903297 0035GT_REV00_REL01.XML,233
SPI-03903297 0035WM_REV00_REL01.XML,234
SPI-10947-104_REV05_REL01.XML,31
SPI-10947-107_REV02_REL01.XML,66
SPI-10947-140_REV00_REL01.XML,355
SPI-10947-157_REV02_REL01.XML,205
SPI-10947-170_REV00_REL01.XML,32
SPI-10947-170_REV00_REL02.XML,33
SPI-10947-170_REV00_REL03.XML,34
SPI-10947-173_REV00_REL01.XML,35
SPI-10947-174_REV00_REL01.XML,36
SPI-10947-176_REV00_REL01.XML,37
SPI-20144-163_REV06_REL01.XML,41
SPI-20144-163_REV06_REL02.XML,80
SPI-20144-163_REV06_REL03.XML,294
SULL-02250114-008-UNF_REV05_REL02.XML,92
SULL-02250134-138_REV07_REL01.XML,55
SULL-02250134-143_REV09_REL01.XML,89
SULL-02250141-183-UNF_REV04_REL01.XML,23
SULL-02250141-183-UNF_REV04_REL02.XML,24
SULL-02250157-350_REV02_REL01.XML,93
SULL-02250164-386_REV06_REL01.XML,216
SULL-02250164-386_REV06_REL02.XML,271
SULL-02250164-386-1-UNF_REV06_REL01.XML,338
SULL-02250164-386-1-UNF_REV06_REL02.XML,206
SULL-02250164-386-1-UNF_REV06_REL03.XML,261
SULL-02250164-386-2-UNF_REV06_REL01.XML,207
SULL-02250164-386-2-UNF_REV06_REL02.XML,262
SULL-02250164-386-3-PF_REV06_REL01.XML,208
SULL-02250164-386-3-PF_REV06_REL02.XML,263
SULL-02250164-386-3-UNF_REV06_REL01.XML,209
SULL-02250164-386-3-UNF_REV06_REL02.XML,264
SULL-02250164-386-4-PF_REV06_REL01.XML,210
SULL-02250164-386-4-PF_REV06_REL02.XML,265
SULL-02250164-386-4-UNF_REV06_REL01.XML,211
SULL-02250164-386-4-UNF_REV06_REL02.XML,266
SULL-02250164-386-5-UNF_REV06_REL01.XML,212
SULL-02250164-386-5-UNF_REV06_REL02.XML,267
SULL-02250164-386-6-UNF_REV06_REL01.XML,213
SULL-02250164-386-6-UNF_REV06_REL02.XML,268
SULL-02250164-386-7-UNF_REV06_REL01.XML,214
SULL-02250164-386-7-UNF_REV06_REL02.XML,269
SULL-02250164-386-8-UNF_REV06_REL01.XML,215
SULL-02250164-386-8-UNF_REV06_REL02.XML,270
SULL-02250164-456_REV01_REL01.XML,42
SULL-02250164-456_REV01_REL01001.XML,43
SULL-02250164-456_REV01_REL02.XML,88
SULL-02250164-459_REV04_REL01.XML,47
SULL-02250164-459-1-UNF_REV04_REL01.XML,44
SULL-02250164-459-2-UNF_REV04_REL01.XML,45
SULL-02250164-459-3-UNF_REV04_REL01.XML,46
SULL-02250164-706-UNF_REV04_REL01.XML,252
SULL-02250164-709_REV05_REL01.XML,253
SULL-02250164-881-UNF_REV02_REL01.XML,374
SULL-02250167-515-UNF_REV04_REL01.XML,380
SULL-02250167-515-UNF_REV06_REL02.XML,381
SULL-02250169-690_REV03_REL01.XML,339
SULL-02250169-691_REV02_REL01.XML,340
SULL-02250172-479-UNF_REV01_REL01.XML,376
SULL-02250174-931_REV02_REL01.XML,382
SULL-02250175-059_REV01_REL01.XML,231
SULL-02250180-130_REV01_REL01.XML,38
SULL-02250182-503-UP_REV03_REL01.XML,56
SULL-02250199-653-9_REV02_REL01.XML,16
SULL-02250199-653-9-UNF_REV02_REL01.XML,15
SULL-02250200-148_REV00_REL01.XML,341
SULL-02250211-910_REV02_REL01.XML,111
SULL-02250211-910_REV02_REL02.XML,248
SULL-02250214-660_REV03_REL01.XML,293
SULL-02250214-660_REV04_REL02.XML,296
SULL-02250215-235-UP_REV01_REL01.XML,90
SULL-02250217-187_REV04_REL01.XML,57
SULL-02250217-193_REV05_REL01.XML,217
SULL-02250217-195_REV05_REL01.XML,48
SULL-02250217-195_REV05_REL02.XML,218
SULL-02250217-195_REV05_REL03.XML,219
SULL-02250217-248 Comp Supt_REV14_REL01.XML,236
SULL-02250217-248 Frame Pan_REV14_REL01.XML,237
SULL-02250217-248 Frame SuptLH_REV14_REL01.XML,238
SULL-02250217-248 Frame SuptRH_REV14_REL01.XML,239
SULL-02250217-248 Mask Combo_REV14_REL01.XML,240
SULL-02250217-248_REV14_REL01.XML,241
SULL-02250217-377_REV01_REL02.XML,65
SULL-02250217-377_REV01_REL03.XML,166
SULL-02250217-379_REV01_REL01.XML,63
SULL-02250217-379_REV01_REL02.XML,167
SULL-02250217-526_REV05_REL01.XML,291
SULL-02250217-526-UP_REV05_REL01.XML,290
SULL-02250217-677_REV01_REL05.XML,58
SULL-02250217-685_REV01_REL02.XML,64
SULL-02250217-685_REV01_REL03.XML,168
SULL-02250218-138_REV01_REL01.XML,220
SULL-02250218-138_REV01_REL02.XML,221
SULL-02250222-941_REV04_REL01.XML,49
SULL-02250222-941_REV04_REL02.XML,50
SULL-02250223-743_REV07_REL01.XML,61
SULL-02250224-599_REV02_REL01.XML,112
SULL-02250224-599_REV03_REL01.XML,251
SULL-02250224-599_REV03_REL02.XML,377
SULL-02250226-461-10-F_REV03_REL01.XML,312
SULL-02250226-461-10-PF_REV03_REL01.XML,313
SULL-02250226-461-10-UNF_REV03_REL01.XML,314
SULL-02250226-461-1-F_REV03_REL01.XML,309
SULL-02250226-461-1-PF_REV03_REL01.XML,310
SULL-02250226-461-1-PF_REV04_REL02.XML,342
SULL-02250226-461-1-PF_REV04_REL03.XML,356
SULL-02250226-461-1-UNF_REV03_REL01.XML,311
SULL-02250226-461-2-F_REV03_REL01.XML,315
SULL-02250226-461-2-PF_REV03_REL01.XML,316
SULL-02250226-461-2-PF_REV04_REL02.XML,357
SULL-02250226-461-2-UNF_REV03_REL01.XML,317
SULL-02250226-461-3-F_REV03_REL01.XML,318
SULL-02250226-461-3-PF_REV03_REL01.XML,319
SULL-02250226-461-3-UNF_REV03_REL01.XML,320
SULL-02250226-461-4-F_REV03_REL01.XML,321
SULL-02250226-461-4-UNF_REV03_REL01.XML,322
SULL-02250226-461-5-F_REV03_REL01.XML,323
SULL-02250226-461-5-PF_REV03_REL01.XML,324
SULL-02250226-461-5-UNF_REV03_REL01.XML,325
SULL-02250226-461-6-F_REV03_REL01.XML,326
SULL-02250226-461-6-UP_REV03_REL01.XML,327
SULL-02250226-461-7-F_REV03_REL01.XML,328
SULL-02250226-461-7-PF_REV03_REL01.XML,329
SULL-02250226-461-7-UNF_REV03_REL01.XML,330
SULL-02250226-461-8-F_REV03_REL01.XML,331
SULL-02250226-461-8-PF_REV03_REL01.XML,332
SULL-02250226-461-8-UNF_REV03_REL01.XML,333
SULL-02250226-461-9-F_REV03_REL01.XML,334
SULL-02250226-461-9-PF_REV03_REL01.XML,335
SULL-02250226-461-9-UNF_REV03_REL01.XML,336
SULL-02250226-461-UP_REV03_REL01.XML,337
SULL-02250231-241_REV00_REL01.XML,51
SULL-02250231-940_REV01_REL01.XML,7
SULL-02250231-940_REV01_REL02.XML,8
SULL-02250232-035_REV01_REL01.XML,107
SULL-I-02250044-816_REV03_REL01.XML,295
SULL-I-02250154-721-UNF_REV03_REL01.XML,13
SULL-I-02250154-721-UNF_REV04_REL02.XML,14
SULL-I-02250156-138-HFL-U_REV08_REL01.XML,297
SULL-I-02250156-138-LFR-U_REV08_REL01.XML,298
SULL-I-02250156-138-RFL-U_REV08_REL01.XML,299
SULL-I-02250156-138-RFR-U_REV08_REL01.XML,300
SULL-I-02250156-138-TT-UN_REV08_REL01.XML,249
SULL-I-02250156-138-UNF_REV08_REL01.XML,242
SULL-I-02250156-138-UNF_REV08_REL01001.XML,243
SULL-I-02250160-375-UNF_REV03_REL01.XML,222
SULL-I-02250160-379_REV10_REL01.XML,78
SULL-I-02250160-379-FF-UN_REV09_REL01.XML,68
SULL-I-02250160-379-FF-UN_REV09_REL02.XML,301
SULL-I-02250160-379-FP-UN_REV09_REL01.XML,69
SULL-I-02250160-379-GN-PD_REV09_REL02.XML,70
SULL-I-02250160-379-GN-PD_REV09_REL03.XML,302
SULL-I-02250160-379-LFL-U_REV09_REL01.XML,71
SULL-I-02250160-379-LFL-U_REV09_REL02.XML,72
SULL-I-02250160-379-LFR-U_REV09_REL02.XML,73
SULL-I-02250160-379-RFL-U_REV09_REL01.XML,74
SULL-I-02250160-379-RFL-U_REV09_REL02.XML,75
SULL-I-02250160-379-RFR-U_REV09_REL02.XML,76
SULL-I-02250160-379-TT-UN_REV09_REL02.XML,77
SULL-I-02250160-536-8-UNF_REV12_REL01.XML,52
SULL-I-02250170-207-UNF_REV01_REL01.XML,83
SULL-I-02250170-229-UNF_REV02_REL01.XML,274
SULL-I-02250174-280_REV05_REL01.XML,307
SULL-I-02250174-280_REV06_REL01.XML,81
SULL-I-02250174-280-CS-UN_REV05_REL01.XML,303
SULL-I-02250174-280-LFL-U_REV05_REL01.XML,304
SULL-I-02250174-280-SS-UN_REV05_REL01.XML,305
SULL-I-02250174-280-TT-UN_REV06_REL02.XML,306
SULL-I-02250191-706_REV00_REL01.XML,308
SULL-I-02250208-986-UNF _REV01_REL01.XML,82
SULL-I-02250222-467_REV04_REL01.XML,59
SULL-I-02250222-467_REV04_REL02.XML,62
SULL-I-02250231-483_REV00_REL01.XML,60
SULL-I-02250231-483_REV01_REL02.XML,67
