ID,PartNumber,Revision,Release
1,00489-001-SUN-INSL-TEMP,00,50
2,00951-070,00,50
3,01900216 0383CB,01,50
4,01900216 0877,00,50
5,01900216 0878,00,50
6,01900216 0889,00,50
7,01900216 0890,00,50
8,01900216 0890,00,51
9,01900216 0890,00,52
10,01900216 0895,00,50
11,01900216 0895,00,51
12,01900216 0897,00,50
13,01900264 0039CB,01,51
14,01900264 0039CB,01,52
15,01900384 0037CB,10,50
16,01900384 0038CB,11,50
17,01900384 0039CB,04,50
18,01900384 0040CB,04,50
19,01900416 0162CB,01,50
20,01900480 0038CB,01,50
21,01900480 0038W,01,50
22,01900480 0046CB,02,50
23,01900480 0046CB,02,51
24,01900485 0030CB,05,50
25,01900702 0229,00,50
26,01900702 0243,00,50
27,01900702 0244,00,50
28,01900702 0245,00,50
29,01900702 0246,00,50
30,01900702 0246,00,51
31,01900702 0247,00,50
32,01900702 0248,00,50
33,01900702 0249,00,50
34,01900702 0250,00,50
35,01900702 0251,00,50
36,01900702 0252,00,50
37,01900702 0253,00,50
38,01901000 0949,01,3
39,01901000 0951,02,4
40,01901000 0951,02,5
41,01901000 0951,02,6
42,01901000 0952,02,2
43,01901000 0952,02,3
44,01901000 0952,02,4
45,01901000 0952,02,5
46,01901000 0952,02,6
47,01901000 0953,01,3
48,01901000 0953,02,6
49,01901000 0953,02,7
50,01901000 0953,02,8
51,01901000 0953,02,9
52,01901000 0953,02,10
53,01901000 0953,02,11
54,01901000 0953,02,12
55,01901000 0954,01,4
56,01901000 0954,01,5
57,01901000 0954,01,6
58,01901000 0954,01,7
59,01901000 0954,01,8
60,01901000 0954,01,9
61,01901000 0954,01,10
62,01901000 0954,01,11
63,01901000 0956,02,2
64,01901000 0956,02,3
65,01901000 0956,02,4
66,01901000 0958,01,5
67,01901000 0960,02,2
68,01901000 0960,02,3
69,01901000 0960,02,4
70,01901000 0961,02,2
71,01901000 0961,02,3
72,01901000 0961,02,4
73,01901000 0961,02,5
74,01901000 0961,02,6
75,01901000 0962,02,2
76,01901000 0962,02,3
77,01901000 0962,02,4
78,01901000 0963,01,7
79,01901000 0963,01,8
80,01901000 0963,01,9
81,01901000 0963,01,10
82,01901000 0964,01,4
83,01901000 0964,01,5
84,01901000 0964,01,6
85,01901000 0964,01,7
86,01901000 0964,01,8
87,01901000 0964,01,9
88,01901000 0965,01,5
89,01901000 0965,01,6
90,01901000 0966,03,2
91,01901000 0966,03,3
92,01901000 0966,03,4
93,01901000 0967,02,3
94,01901000 0967,02,4
95,01901000 0967,02,5
96,01901000 0967,02,6
97,01901000 0968,01,6
98,01901000 0968,01,7
99,01901000 0968,01,8
100,01901000 0970,03,3
101,01901000 0970,03,4
102,01901000 0970,03,5
103,01901000 0970,03,6
104,01901000 0988,01,3
105,01901000 0990CB,07,51
106,01901000 1044CB,02,50
107,01901000 1142,00,50
108,01901000 1143,00,50
109,01901000 1144,00,50
110,01901000 1145,00,50
111,01901000 1145,00,51
112,01901000 1146,01,50
113,01901000 1148,00,50
114,01901000 1148,00,51
115,01901000 1149,00,50
116,01901000 1149,00,51
117,01901000 1150,00,50
118,01901000 1150,00,51
119,01901000 1151,00,50
120,01901000 1151,00,51
121,01901000 1152,00,50
122,01901000 1154,02,50
123,01901000 1241,00,50
124,01901000 1245,02,50
125,01901000 1246,01,50
126,01901000 1247,02,50
127,01901000 1248,02,50
128,01901000 1249,02,50
129,01901000 1253,02,50
130,01901000 1254,01,50
131,01901000 1256,00,50
132,01901000 1257,00,50
133,01901000 1258,00,50
134,01901000 1259,00,50
135,01901000 1262,00,50
136,01901000 1263,00,50
137,01901000 1264,00,50
138,01901000 1265,00,50
139,01901548 0016CB,04,50
140,01901548 0017CB,02,50
141,0220231-966,00,1
142,02250087-686,01,1
143,02250120-149,01,50
144,02250144-615-1-PF,14,50
145,02250144-615-2-PF,14,50
146,02250144-615-3-PF,14,50
147,02250144-615-4-PF,14,50
148,02250144-615-5-PF,14,50
149,02250144-615-6-PF,14,50
150,02250144-615-7-PF,14,50
151,02250144-615-9-PF,14,50
152,02250144-615,14,50
153,02250144-615,14,51
154,02250144-615,14,52
155,02250144-615,14,53
156,02250146-685,01,51
157,02250146-685,04,50
158,02250150-426,00,50
159,02250173-008,00,1
160,02250173-009,00,1
161,02250212-386,02,50
162,02250212-387,02,50
163,02250212-387,02,51
164,02250212-388,02,50
165,02250212-396,02,50
166,02250212-397,02,50
167,02250216-903,03,1
168,02250216-905,04,1
169,02250216-906,04,1
170,02250216-908,04,1
171,02250217-375,01,1
172,02250219-329,01,1
173,02250223-752 Insulated,04,1
174,02250223-813-RIVETED,05,50
175,02250231-966,01,2
176,02250232-305,04,51
177,02250232-305,05,52
178,02250232-508,02,50
179,02250232-509,02,50
180,02250232-509,02,51
181,02250234-426,00,50
182,02250234-426,00,51
183,02250237-682,01,50
184,02250237-757,00,50
185,02250237-757,00,51
186,02250237-784,00,50
187,02250239-527,00,50
188,02250240-936,04,50
189,02250240-947,04,50
190,02250240-948,00,50
191,02250241-108,01,50
192,02250243-597,00,50
193,02250245-407,00,50
194,03903009 0079,00,50
195,03903009 0080,00,50
196,03903009 0080,00,51
197,03903009 0081,00,50
198,03903009 0082,00,50
199,03903297 0027-KIT,02,2
200,03903297 0027-KIT,03,3
201,03903297 0027-KIT,03,4
202,03903297 0027-KIT,03,5
203,03903297 0027-KIT,03,6
204,03903297 0027-KIT,03,7
205,03903297 0027-KIT,03,8
206,03903313 0108,01,50
207,03903336 0258CB,01,50
208,10.375X173X21.125 14GA HT,00,51
209,10.375X173X21.125 14GA HT,00,52
210,11.13x5.75x3.75,05,50
211,11.13x5.75x3.75,05,51
212,12 - CHRISTMAS TREE,00,50
213,12X24X2 FILTER FRAME,00,1
214,12X24X2 FILTER FRAME,00,2
215,12X24X2 FILTER FRAME,00,3
216,14X12 PANEL,00,50
217,15.X9X2.25 BEZEL,00,50
218,164-386 GO NO GO GAUGE,00,50
219,18 - CHRISTMAS TREE,00,50
220,19X8 UPS SHELF REVERSE,00,3
221,19X8 UPS SHELF,00,1
222,20077-1 PRESS TOOLING,00,50
223,20077-1,0E,51
224,20077-1,0E,52
225,20077-1,0E,53
226,226-461 SPWLD TEMPLATES,00,50
227,226-461 SPWLD TEMPLATES,00,51
228,226-461-1 TEMPLATE,00,50
229,226-461-1 TEMPLATE,00,51
230,226-461-2 TEMPLATE,00,50
231,226-461-2 TEMPLATE,00,51
232,22X9X2.25 BEZEL,00,50
233,23.75X9X2.25 BEZEL,00,50
234,24 - CHRISTMAS TREE,00,50
235,24X24X2 FILTER FRAME,00,1
236,250034-316,03,1
237,250034-316,03,2
238,27016,0A,50
239,27016,0A,51
240,27062,0A,50
241,27062,0A,51
242,27063,0A,50
243,27073,0A,50
244,27074,0A,50
245,31.85X9X2.25 BEZEL,00,50
246,35X16 PANEL,00,50
247,35X16 PANEL,00,51
248,38X32 SUBPANEL,00,1
249,38X32X.75 SUBPANEL,00,50
250,39.75X9X2.25 BEZEL,00,50
251,3900 1689-3,03,1
252,3900 1689,05,50
253,3900 2005,01,50
254,3900 3126,06,51
255,3900 3975,04,50
256,3900 5240,08,50
257,3900 5240,08,51
258,3900 5240,08,52
259,3900 5244,08,51
260,3900 5244,09,50
261,4 PIECE WRAP CONSOLE,00,50
262,4 PIECE WRAP CONSOLE,00,51
263,45P-220-P001-D-R ,0B,50
264,45P-220-P001-D-R,0B,50
265,45P-220-P001-D,0B,1
266,45P-220-P001-D,0B,2
267,45P-220-P001-D,0B,50
268,45P-220-P002-D,0B,1
269,45P-220-P003-D,0B,1
270,45P-220-P003-D,0B,2
271,46X20X.75 SUBPANEL,00,50
272,48X12 12 GA SIDE PANEL,00,1
273,48X33.25 SUBPANEL,00,3
274,54X18 12 GA SIDE PANEL,00,4
275,6182,00,1
276,62X12 SUBPANEL,00,1
277,70x42x24 12ga NEMA-4 SINGLE DO,00,1
278,7474-775-P022-D,0A,1
279,7474-775-P022-D,0A,2
280,7474-775-P023-D,0B,2
281,7474-775-P023-D,0B,3
282,7474-775-P024-C,0A,2
283,7474-775-P025-C,0A,2
284,7474-775-P025-C,0C,3
285,7474-775-P025-D,0C,4
286,7474-775-P025-D,0C,6
287,7474-775-P026-D,0B,1
288,7474-775-P027-C,0A,1
289,7474-775-P028-C,0A,1
290,7474-775-P029-C,0A,1
291,7474-775-P029-C,0A,2
292,7474-775-P032-C,0A,1
293,7474-775-P033-C,0A,1
294,7474-775-P038-C,00,1
295,7474-775-P039-C,00,1
296,74X30 SUBPANEL-1 WK LT,00,50
297,74X30 SUBPANEL-1 WK LT,00,51
298,8-1026,0D,2
299,8-1027,0D,3
300,8-1027,D_,1
301,8-1027,D_,2
302,80X32 WHITE SUBPANEL,00,51
303,80X44 WHITE SUBPANEL,00,50
304,845A-775-P019-D,0C,1
305,845A-775-P030-C,00,3
306,845A-775-P031-C,00,2
307,90X101.25X60 8 DOOR ENCL BOTTO,00,53
308,90X101.25X60 8 DOOR ENCL BOTTO,00,54
309,90X101.25X60 8 DOOR ENCL,00,53
310,90X101.25X60 8 DOOR ENCL,00,54
311,90X101.25X60 8 DOOR ENCL,00,55
312,90X101.25X60 8 DOOR RIGHT DOOR,00,50
313,90X101.25X60 8 DOOR RIGHT DOOR,00,51
314,90X101.25X60 8 DOOR RIGHT DOOR,00,52
315,90X101.25X60 8 DOOR RIGHT DOOR,00,53
316,90X101.25X60 8 DOOR RIGHT DOOR,00,54
317,90X101.25X60 MIDDLE DOOR,00,50
318,90X101.25X60 MIDDLE DOOR,00,51
319,90X101.25X60 MIDDLE DOOR,00,52
320,90X101.25X60 MIDDLE DOOR,00,53
321,90X101.25X60 MIDDLE DOOR,00,54
322,90X101.25X60 TOP LEFT DOOR,00,50
323,90X101.25X60 TOP LEFT DOOR,00,51
324,90X101.25X60 TOP LEFT DOOR,00,52
325,90X101.25X60 TOP LEFT DOOR,00,53
326,90X101.25X60 TOP LEFT DOOR,00,54
327,90X180X64 DRIVE ENCL A DOOR,00,50
328,90X180X64 DRIVE ENCL A PANEL,00,50
329,90X180X64 DRIVE ENCL A PANEL,00,51
330,90X180X64 DRIVE ENCL A SUPPORT,00,50
331,90X180X64 DRIVE ENCL A SUPPORT,00,51
332,90X180X64 DRIVE ENCL A SUPPORT,00,52
333,90X180X64 DRIVE ENCL A,00,50
334,90X180X64 DRIVE ENCL A,00,51
335,90X180X64 DRIVE ENCL B DOOR,00,50
336,90X180X64 DRIVE ENCL B DOOR,00,51
337,90X180X64 DRIVE ENCL B,00,52
338,90X180X64 DRIVE ENCL B,00,53
339,90X180X64 DRIVE ENCL B,00,54
340,90X36X30 LH DOOR,00,50
341,90X36X30 LH DOOR,00,51
342,90X36X30 LH DOOR,00,52
343,90X36X30 LH ENCLOSURE,00,51
344,90X36X30 LH ENCLOSURE,00,52
345,90X36X30 RH ENCLOSURE,00,52
346,90X67.25X64 HSB-CONTROL A SUBP,00,50
347,90X67.25X64 HSB-CONTROL A SUBP,00,51
348,90X67.25X64 HSB-CONTROL ADOOR1,00,50
349,90X67.25X64 HSB-CONTROL ADOOR1,00,51
350,90X67.25X64 HSB-CONTROL ADOOR2,00,50
351,90X67.25X64 HSB-CONTROL ADOOR2,00,51
352,90X67.25X64 HSB-CONTROL A,00,51
353,90X67.25X64 HSB-CONTROL A,00,52
354,90X67.25X64 HSB-CONTROL A,00,53
355,90X67.25X64 HSB-CONTROL A,00,54
356,90X67.25X64 HSB-CONTROL BDOOR1,00,50
357,90X67.25X64 HSB-CONTROL BDOOR1,00,51
358,90X67.25X64 HSB-CONTROL BDOOR1,00,52
359,90X67.25X64 HSB-CONTROL BDOOR2,00,50
360,90X67.25X64 HSB-CONTROL BDOOR2,00,51
361,90X67.25X64 HSB-CONTROL BDOOR2,00,52
362,90X67.25X64 HSB-CONTROL BDOOR2,00,53
363,90X67.25X64 HSB-CONTROL B,00,53
364,90X67.25X64 HSB-CONTROL PANEL1,00,50
365,90X67.25X64 HSB-CONTROL PANEL1,00,51
366,90X67.25X64 HSB-CONTROL PANEL2,00,50
367,90X67.25X64 HSB-CONTROL PANEL2,00,51
368,989801245015,00,1
369,B68720 SHEET 1z,00,2
370,B68720 SHEET 1,00,2
371,B68720 SHEET 3,00,1
372,B68720 SHEET 4,00,1
373,BOTTOM LEFT SUBPANEL,00,50
374,BOTTOM LEFT SUBPANEL,00,51
375,BOTTOM LEFT SUBPANEL,00,52
376,BOTTOM LEFT SUBPANEL,00,53
377,BOTTOM LEFT SUBPANEL,00,54
378,BRKT-100000-01,03,50
379,BRKT-100004-00,02,50
380,CL16278-02-RAL1015,00,1
381,CL16278-02-RAL9016,00,1
382,CL16278-02,00,1
383,CL16924-01-RAL9016,00,1
384,CL16924-01,00,1
385,CLQ9844,02,50
386,CLQ9844,02,51
387,COMMON BARRIER,00,50
388,COMMON BARRIER,00,51
389,COMMON LARGE BARRIER2B,00,50
390,COMMON LARGE BARRIER2B,00,51
391,COMMON LARGE BARRIER2,00,50
392,COMMON LARGE BARRIERB,00,50
393,COMMON LARGE BARRIERB,00,51
394,COMMON LARGE BARRIER,00,50
395,COMPONENT DRAWER,0D,50
396,COMPONENT DRAWER,0D,51
397,COMPONENT DRAWER,0D,52
398,COMPONENT DRAWER,0D,53
399,COMPONENT DRAWER,0D,54
400,COMPONENT DRAWER,0D,55
401,COMPONENT DRAWER,0D,56
402,Copy of COMMON BARRIER,00,50
403,CUTTING TEMPLATE,00,2
404,CUTTING TEMPLATE,00,3
405,CZ776133,0E,51
406,CZ776133,0E,52
407,CZ776133,0E,53
408,D-0225Z2017C,0A,1
409,D-0225Z2017C,0A,50
410,D-0225Z2030C,00,1
411,D-0225Z2031C,00,1
412,D-0225Z2033C,0A,1
413,D52086,0X,50
414,D52093,00,50
415,D52094,00,50
416,D52094,00,51
417,D52095,0A,50
418,D52095,0A,51
419,D52858,00,51
420,D52859,00,53
421,D52859,00,54
422,DHWARE-DR0002,00,50
423,DHWARE-DY1674,00,1
424,DHWARE-DY1674,00,2
425,DOOR ASSEMBLY,00,50
426,DOOR ASSEMBLY,00,51
427,ENC-16341-00,0B,1
428,ENCLOSURE BEZEL REPAIR,00,50
429,ENCLOSURE BEZEL REPAIR,00,51
430,ETI-ES9177C,0E,54
431,Gas Cabinet,00,1
432,Gas Cabinet,00,2
433,Gas Cabinet,00,3
434,Gas Cabinet,00,4
435,GROUND PAD BRACKET,00,50
436,GROUND PAD BRACKET,00,51
437,GROUND PAD BRACKET,00,52
438,GROUND PAD BRACKET,00,53
439,GROUND PAD BRACKET,00,54
440,HOLE-HOLE TEMPLATE,00,1
441,HOOD,00,1
442,HOOD,00,2
443,HOOD,00,3
444,HR183641.00,0A,50
445,HSB BARRIER WITH SUBPANEL B,00,50
446,HSB BARRIER WITH SUBPANEL,00,51
447,HSB BARRIER WITH SUBPANEL,00,52
448,K-22221-4,00,50
449,K-22221-4,00,51
450,K60141,0A,54
451,KEYBOARD DRAWER DOOR,0D,50
452,KEYBOARD DRAWER DOOR,0D,51
453,KEYBOARD DRAWER DOOR,0D,52
454,KEYBOARD DRAWER DOOR,0D,54
455,KEYBOARD DRAWER DOOR,0D,55
456,KEYBOARD DRAWER,0D,50
457,KEYBOARD DRAWER,0D,51
458,KEYBOARD DRAWER,0D,52
459,KEYBOARD DRAWER,0D,54
460,KEYBOARD DRAWER,0D,55
461,KM-RS6-4,00,50
462,KM-RS6-4,00,51
463,KMI FRONT END SKID 48 x 0,00,50
464,KMI FRONT END SKID 48 X 0,00,51
465,KMI FRONT END SKID 48 X 0,00,52
466,KMI FRONT END SKID 48 X 0,00,53
467,LEG STAND,00,1
468,LEG STAND,00,2
469,LEG STAND,00,3
470,LEG STAND,00,4
471,leg_stand,00,50
472,LH DOOR EMKA HANDLE,00,50
473,LH DOOR EMKA HANDLE,00,51
474,LH DOOR EMKA HANDLE,00,52
475,LH DOOR EMKA HANDLE,00,53
476,LL-L2D,00,50
477,LL-R2D,00,50
478,LL-RSD,00,50
479,Loose Brackets,00,1
480,Loose Brackets,00,2
481,Loose Brackets,00,3
482,Loose Brackets,00,4
483,LOOSE HARDWARE,02,50
484,LOOSE HARDWARE,02,51
485,LOWER CONSOLE BODY,0D,50
486,LOWER CONSOLE BODY,0D,51
487,LOWER CONSOLE BODY,0D,52
488,LOWER CONSOLE BODY,0D,53
489,LOWER CONSOLE BODY,0D,54
490,LOWER CONSOLE BODY,0D,55
491,LOWER CONSOLE BODY,0D,56
492,LOWER CONSOLE BODY,0D,57
493,LOWER CONSOLE BODY,0D,58
494,LOWER SECTION FRONT DOOR,0D,50
495,LOWER SECTION FRONT DOOR,0D,51
496,LOWER SECTION FRONT DOOR,0D,52
497,LOWER SECTION FRONT DOOR,0D,53
498,LOWER SECTION REAR DOOR,0D,50
499,LOWER SECTION REAR DOOR,0D,51
500,LOWER SECTION REAR DOOR,0D,52
501,LOWER SECTION REAR DOOR,0D,53
502,LOWER SECTION-AC,0D,50
503,LOWER SECTION-AC,0D,51
504,LOWER SECTION-AC,0D,52
505,LOWER SECTION-AC,0D,53
506,LOWER SECTION-AC,0D,54
507,LOWER SECTION-AC,0D,55
508,LOWER SECTION-AC,0D,56
509,LOWER SECTION,0D,50
510,LOWER SECTION,0D,51
511,LOWER SECTION,0D,52
512,LOWER SECTION,0D,53
513,LOWER SECTION,0D,54
514,MIDDLE SUBPANEL,00,50
515,MIDDLE SUBPANEL,00,51
516,MIDDLE SUBPANEL,00,52
517,MIDDLE SUBPANEL,00,53
518,MIDDLE SUBPANEL,00,54
519,MONITOR MOUNT,0D,50
520,MONITOR MOUNT,0D,51
521,MONITOR MOUNT,0D,52
522,MONITOR MOUNT,0D,54
523,MONITOR MOUNT,0D,55
524,MONITOR WINDOW,0D,50
525,MONITOR WINDOW,0D,51
526,MONITOR WINDOW,0D,52
527,MONITOR WINDOW,0D,54
528,MONITOR WINDOW,0D,55
529,MONITOR WINDOW,0D,56
530,PHIL-9898-012-20367-CV,02,1
531,PHIL-9898-012-20367-LB-UP,02,1
532,PHIL-9898-012-20367-SB-UP,02,1
533,PHIL-9898-012-20367,02,1
534,PN0005-32,00,50
535,PN0005-32,00,51
536,PN0005-32,00,52
537,PN0027-06,00,50
538,PN0028-06,03,51
539,PN5014-00,00,7
540,QTRSULL-02250164-881-UNF,04,50
541,QUAL-GC-1002,05,1
542,QUAL-GC-1031,02,1
543,QUAL-GC-BOTTOM,00,1
544,QUAL-GC-ROOF,00,1
545,QUARTER TURN LATCH,00,50
546,QUARTER TURN LATCH,00,51
547,QUARTER TURN LATCH,00,52
548,REDLINE 02250232-814,02,50
549,RIGHT SUBPANEL,00,50
550,RIGHT SUBPANEL,00,51
551,RIGHT SUBPANEL,00,52
552,RIGHT SUBPANEL,00,53
553,RIGHT SUBPANEL,00,54
554,SBD 910618,00,1
555,SBD 9140645 hinge,00,1
556,SBD 9140645,00,1
557,SE-OX-45225-732-01,00,1
558,SE-SM-46044-065-01,00,1
559,SE0804440CA-AC,0D,50
560,SE0804440CA-AC,0D,53
561,SE0804440CA-AC,0D,54
562,SE0804440CA-AC,0D,55
563,SE0804440CA-AC,0D,56
564,SE0804440CA-AC,0D,57
565,SE0804440CA-AC,0D,58
566,SE0804440CA,0D,50
567,SE0804440CA,0D,51
568,SE0804440CA,0D,52
569,SE0804440CA,0D,53
570,SE0804440CA,0D,54
571,SE0804440CA,0D,55
572,SECUREIT - MATT CONCEPT ,00,51
573,SECUREIT - MATT CONCEPT,00,50
574,SECUREIT - MATT CONCEPT,00,52
575,SFM COMPUTER MOUNTS,00,1
576,SPI-00121-008-PTB,04,1
577,SPI-00121-008-SUN,04,1
578,SPI-00121-008,04,1
579,SPI-00195-010-S,04,1
580,SPI-00195-010S1,03,1
581,SPI-00195-010SG,05,1
582,SPI-00195-010,04,1
583,SPI-00195-011-S,05,1
584,SPI-00195-011,05,1
585,SPI-00195-013-S,04,1
586,SPI-00195-013,04,1
587,SPI-00195-051-S,05,1
588,SPI-00195-051-S,05,2
589,SPI-00195-051,05,1
590,SPI-00195-051,05,2
591,SPI-00195-101-S,06,1
592,SPI-00195-101,06,1
593,SPI-00195-101,06,2
594,SPI-00195-107,07,1
595,SPI-00195-316,02,1
596,SPI-00195-317-S,06,1
597,SPI-00195-317,06,3
598,SPI-00195-318-S,04,1
599,SPI-00195-318,04,1
600,SPI-00195-326-S,05,1
601,SPI-00195-326,05,1
602,SPI-00195-330,03,1
603,SPI-00195-331 ,04,1
604,SPI-00195-332,00,1
605,SPI-00195-332,00,2
606,SPI-00320-004,00,1
607,SPI-00320-004,00,50
608,SPI-00488-025-SUN,02,3
609,SPI-00488-025,05,1
610,SPI-00488-044-SUN,03,1
611,SPI-00488-045-SUN,02,1
612,SPI-00488-046-SUN,02,1
613,SPI-00488-046-SUN,02,2
614,SPI-00488-046-TEAL,02,50
615,SPI-00488-061M-P,01,1
616,SPI-00488-061M-P,01,50
617,SPI-00488-062-P,01,1
618,SPI-00488-063-P,01,1
619,SPI-00488-064-PTB,00,1
620,SPI-00488-064,00,1
621,SPI-00488-065-PTB,01,1
622,SPI-00488-065-P,01,1
623,SPI-00488-065,01,1
624,SPI-00488-066-PTB,00,1
625,SPI-00488-066,00,1
626,SPI-00488-067-PTB,00,1
627,SPI-00488-067,00,1
628,SPI-00488-068-PTB,00,1
629,SPI-00488-068,00,1
630,SPI-00488-070-P,00,50
631,SPI-00488-070,00,2
632,SPI-00488-071-P,00,50
633,SPI-00488-071,00,2
634,SPI-00488-072-P,00,1
635,SPI-00488-075,00,2
636,SPI-00488-076,00,2
637,SPI-00489-001-SUN,00,1
638,SPI-00489-035-PTB,02,1
639,SPI-00489-035-PTB,02,2
640,SPI-00489-035-SUN,02,1
641,SPI-00489-035-SUN,02,2
642,SPI-00489-035M-SUN,00,1
643,SPI-00489-035M,00,1
644,SPI-00489-035,02,1
645,SPI-00489-035,02,2
646,SPI-00489-035,02,3
647,SPI-00489-035,02,4
648,SPI-00489-037-PTB,02,1
649,SPI-00489-037-PTB,02,2
650,SPI-00489-037,02,1
651,SPI-00489-037,02,2
652,SPI-00489-037,02,3
653,SPI-00489-039-PTB,02,1
654,SPI-00489-039-PTB,02,2
655,SPI-00489-039,02,1
656,SPI-00489-039,02,2
657,SPI-00489-054-SUN,02,50
658,SPI-00489-054-SUN,02,51
659,SPI-00489-054,02,50
660,SPI-00489-054,02,51
661,SPI-00489-054,02,52
662,SPI-00489-055-INSL,02,1
663,SPI-00489-055-PTB,02,1
664,SPI-00489-055,02,2
665,SPI-00489-056-PTB,02,1
666,SPI-00489-056-PTB,02,2
667,SPI-00489-056-SUN,02,1
668,SPI-00489-056-SUN,02,2
669,SPI-00489-056,02,1
670,SPI-00489-056,02,2
671,SPI-00489-057-SUN,00,50
672,SPI-00489-057,00,50
673,SPI-00489-058-PTB,01,1
674,SPI-00489-061-PTB,00,1
675,SPI-00489-061,00,1
676,SPI-00489-062-M,00,50
677,SPI-00489-062-M,00,51
678,SPI-00489-062-M,00,52
679,SPI-00489-062-PTB,00,2
680,SPI-00489-062-P,00,2
681,SPI-00489-062-SUN,00,2
682,SPI-00489-062-S,00,2
683,SPI-00489-062,00,1
684,SPI-00489-063-PTB,00,1
685,SPI-00489-063-P,00,1
686,SPI-00489-063-SUN,00,1
687,SPI-00489-063-S,00,1
688,SPI-00489-063,00,1
689,SPI-00489-064-PTB,00,50
690,SPI-00489-064,00,50
691,SPI-00489-077-INSL,00,2
692,SPI-00489-077,00,2
693,SPI-00697-027-BLK,09,1
694,SPI-00697-027-BLK,09,2
695,SPI-00697-027-BLK,09,3
696,SPI-00697-027,09,1
697,SPI-00697-027,09,2
698,SPI-00697-027,09,3
699,SPI-00935-016,01,1
700,SPI-00935-016,01,2
701,SPI-00935-018,01,1
702,SPI-00935-024,00,1
703,SPI-00944-LSC,00,1
704,SPI-00947-013,04,1
705,SPI-00947-014-PTB,13,1
706,SPI-00947-014-SUN-TEAL,02,1
707,SPI-00947-014-SUN,02,1
708,SPI-00947-014,13,1
709,SPI-00947-017A-PTB,00,1
710,SPI-00947-017A,00,1
711,SPI-00947-018-PTB,07,50
712,SPI-00947-018Q1-PTB,00,1
713,SPI-00947-018,07,1
714,SPI-00947-024-PTB,07,50
715,SPI-00947-040-SUN,01,1
716,SPI-00947-042-SUN,01,1
717,SPI-00947-045,04,1
718,SPI-00947-046,04,1
719,SPI-00947-047,00,1
720,SPI-00947-052,00,50
721,SPI-00947-054TAB,01,1
722,SPI-00947-054TAB,01,2
723,SPI-00947-056,01,1
724,SPI-00947-057-PTB,03,1
725,SPI-00947-057-PTB,03,2
726,SPI-00947-057,03,1
727,SPI-00947-057,03,2
728,SPI-00947-058,02,2
729,SPI-00947-061-SUN,00,1
730,SPI-00947-065-PTB,02,1
731,SPI-00947-065,02,1
732,SPI-00992-015-SUN,06,1
733,SPI-00992-015,06,1
734,SPI-01153-005-SUN,02,1
735,SPI-01153-011-SUN,01,50
736,SPI-01153-011,01,1
737,SPI-01153-011,01,50
738,SPI-01153-012-SUN,00,1
739,SPI-01153-013,00,50
740,SPI-01153-014,01,1
741,SPI-01153-024 ,00,1
742,SPI-01153-025-PTB,00,2
743,SPI-01153-025-P,00,1
744,SPI-01153-025,00,2
745,SPI-01153-026,00,1
746,SPI-01153-028-PTB,00,1
747,SPI-01153-028-P,00,1
748,SPI-01153-028,00,1
749,SPI-01681-003-SUN,01,1
750,SPI-01681-007-PTB,04,50
751,SPI-01681-007-SUN,04,1
752,SPI-01681-007,04,1
753,SPI-01681-008-PTB,08,50
754,SPI-01681-008,08,1
755,SPI-01681-012-PTB,05,1
756,SPI-01681-012,05,1
757,SPI-01681-013-PTB,03,1
758,SPI-01681-013,03,1
759,SPI-01681-014-PTB,04,50
760,SPI-01681-014-SUN,04,51
761,SPI-01681-014-SUN,04,52
762,SPI-01681-014,04,2
763,SPI-01681-014,04,50
764,SPI-01681-014,04,51
765,SPI-01681-020-PTB,06,50
766,SPI-01681-020-PTB,06,51
767,SPI-01681-020-SUN,06,1
768,SPI-01681-020-SUN,06,2
769,SPI-01681-020,06,1
770,SPI-01681-020,06,2
771,SPI-01681-023-PTB,00,1
772,SPI-01900104 0281-UNF,02,1
773,SPI-01900104 0282-UNF,01,1
774,SPI-01900104 0283-UNF,01,1
775,SPI-01900104 0285GT,02,1
776,SPI-01900104 0285OT,02,1
777,SPI-01900104 0285WM,02,1
778,SPI-01900104 0288,02,1
779,SPI-01900216 0383,01,50
780,SPI-01900216 0603,02,2
781,SPI-01900216 0607,02,1
782,SPI-01900216 0608,01,1
783,SPI-01900216 0610,01,1
784,SPI-01900216 0616,00,1
785,SPI-01900216 0618,00,1
786,SPI-01900216 0619,02,1
787,SPI-01900216 0620,01,1
788,SPI-01900216 0621,00,1
789,SPI-01900216 0621,01,50
790,SPI-01900216 0623,03,1
791,SPI-01900216 0627,04,1
792,SPI-01900216 0627,05,1
793,SPI-01900216 0628,03,1
794,SPI-01900216 0629,02,51
795,SPI-01900216 0630,01,1
796,SPI-01900216 0632,03,1
797,SPI-01900216 0636,00,1
798,SPI-01900216 0637,00,1
799,SPI-01900216 0637,00,50
800,SPI-01900216 0639,00,1
801,SPI-01900216 0642,01,1
802,SPI-01900216 0642,01,2
803,SPI-01900216 0643,00,1
804,SPI-01900216 0645,01,1
805,SPI-01900216 0646,00,1
806,SPI-01900216 0648,00,1
807,SPI-01900216 0649,00,1
808,SPI-01900216 0650,00,1
809,SPI-01900216 0652,00,1
810,SPI-01900216 0653,00,1
811,SPI-01900216 0654,00,1
812,SPI-01900216 0655,00,1
813,SPI-01900216 0658,00,1
814,SPI-01900216 0659,01,1
815,SPI-01900216 0659,01,2
816,SPI-01900216 0659,02,50
817,SPI-01900216 0659,02,51
818,SPI-01900216 0661,00,1
819,SPI-01900216 0672,00,1
820,SPI-01900216 0691,01,2
821,SPI-01900216 0775,00,1
822,SPI-01900216 0806,00,3
823,SPI-01900216 0806,00,4
824,SPI-01900216 0869,01,50
825,SPI-01900216 0869,03,51
826,SPI-01900216 0869,03,52
827,SPI-01900216 0872,00,50
828,SPI-01900264 0035-UNF,02,1
829,SPI-01900264 0036-UNF,02,1
830,SPI-01900264 0037-UNF,00,1
831,SPI-01900264 0039,01,50
832,SPI-01900416 0059,05,1
833,SPI-01900416 0120,00,2
834,SPI-01900416 0120,00,50
835,SPI-01900416 0120,00,51
836,SPI-01900485 0045GRAY,04,2
837,SPI-01900485 0045GRAY,04,3
838,SPI-01900485 0045,04,2
839,SPI-01900485 0045,04,3
840,SPI-01900485 0050-UNF,03,1
841,SPI-01900485 0056GT,04,1
842,SPI-01900485 0056OT,04,1
843,SPI-01900485 0056WM,04,1
844,SPI-01900485 0056,04,1
845,SPI-01900702 0156,02,3
846,SPI-01900702 0157,02,1
847,SPI-01900702 0157,02,3
848,SPI-01900702 0157,02,4
849,SPI-01900702 0157,2_,2
850,SPI-01900702 0158,02,2
851,SPI-01900702 0159,02,3
852,SPI-01900702 0160,02,3
853,SPI-01900702 0161,02,1
854,SPI-01900702 0161,02,2
855,SPI-01900702 0162,02,2
856,SPI-01900702 0163,02,1
857,SPI-01900702 0164,02,1
858,SPI-01900702 0165,02,1
859,SPI-01900702 0166,02,1
860,SPI-01900702 0167,01,5
861,SPI-01900702 0167,01,6
862,SPI-01900702 0167,01,7
863,SPI-01900702 0167,01,8
864,SPI-01900702 0168,01,1
865,SPI-01900702 0168,01,2
866,SPI-01900702 0168,01,3
867,SPI-01900702 0168,01,6
868,SPI-01900702 0168,01,7
869,SPI-01900702 0168,01,8
870,SPI-01900702 0168,01,9
871,SPI-01900702 0168,01,10
872,SPI-01900702 0168,01,11
873,SPI-01900702 0168,01,12
874,SPI-01900702 0168,01,13
875,SPI-01900702 0169,01,1
876,SPI-01900702 0169,01,2
877,SPI-01900702 0169,01,3
878,SPI-01900702 0169,01,4
879,SPI-01900702 0169,01,5
880,SPI-01900702 0169,01,6
881,SPI-01900702 0169,01,7
882,SPI-01900702 0169,01,8
883,SPI-01900702 0170,03,1
884,SPI-01900702 0177,01,1
885,SPI-01900702 0177,01,50
886,SPI-01900702 0178LCSS,01,1
887,SPI-01900702 0181LCSS,01,1
888,SPI-01900702 0181LCSS,01,50
889,SPI-01900702 0182GRAY,01,2
890,SPI-01900702 0182,01,1
891,SPI-01900702 0182,02,50
892,SPI-01900702 0184,01,1
893,SPI-01900702 0184,01,50
894,SPI-01900702 0185,01,1
895,SPI-01900702 0214,00,1
896,SPI-01900702 0229,00,51
897,SPI-01900702 0231,00,50
898,SPI-01900702 0232,01,50
899,SPI-01900702 0233,00,50
900,SPI-01900912 0008,03,1
901,SPI-01901000 0552,12,1
902,SPI-01901000 0553,10,1
903,SPI-01901000 0706,0C,1
904,SPI-01901000 0706,0C,2
905,SPI-01901000 0718,04,1
906,SPI-01901000 0718,04,50
907,SPI-01901000 0718,04,51
908,SPI-01901000 0718,04,52
909,SPI-01901000 0718,04,53
910,SPI-01901000 0719,04,1
911,SPI-01901000 0820-UNF,03,1
912,SPI-01901000 0820-UP,03,1
913,SPI-01901000 0821-UNF,01,1
914,SPI-01901000 0821-UP,01,1
915,SPI-01901000 0822-UNF,06,1
916,SPI-01901000 0823-UNF,05,1
917,SPI-01901000 0834,01,1
918,SPI-01901000 0840GRAY,03,2
919,SPI-01901000 0840GT,03,1
920,SPI-01901000 0840OT,03,2
921,SPI-01901000 0840WM,03,2
922,SPI-01901000 0841GT,05,52
923,SPI-01901000 0841GT,06,54
924,SPI-01901000 0841OT,05,1
925,SPI-01901000 0841OT,06,3
926,SPI-01901000 0841WM,05,50
927,SPI-01901000 0841WM,06,52
928,SPI-01901000 0841,05,50
929,SPI-01901000 0841,05,51
930,SPI-01901000 0842GRAY,03,1
931,SPI-01901000 0843GRAY,03,1
932,SPI-01901000 0843GRAY,03,2
933,SPI-01901000 0845GT,06,50
934,SPI-01901000 0845OT,06,1
935,SPI-01901000 0845WM,06,50
936,SPI-01901000 0846GRAY,05,1
937,SPI-01901000 0846GRAY,05,2
938,SPI-01901000 0846,05,1
939,SPI-01901000 0846,05,2
940,SPI-01901000 0848GRAY,03,1
941,SPI-01901000 0848GRAY,03,2
942,SPI-01901000 0849GRAY,02,1
943,SPI-01901000 0849GRAY,02,2
944,SPI-01901000 0850GRAY,02,2
945,SPI-01901000 0850GRAY,02,3
946,SPI-01901000 0855GT,04,50
947,SPI-01901000 0855OT,04,1
948,SPI-01901000 0855WM,04,50
949,SPI-01901000 0855,02,1
950,SPI-01901000 0860GT,02,1
951,SPI-01901000 0860OT,02,1
952,SPI-01901000 0860WM,02,1
953,SPI-01901000 0862GRAY,02,1
954,SPI-01901000 0912,02,1
955,SPI-01901000 0918GT,03,2
956,SPI-01901000 0918RED,03,1
957,SPI-01901000 0918WM,03,2
958,SPI-01901000 0918,03,2
959,SPI-01901000 0919GT,03,2
960,SPI-01901000 0919GT,03,3
961,SPI-01901000 0919RED,03,1
962,SPI-01901000 0919RED,03,2
963,SPI-01901000 0919WM,03,2
964,SPI-01901000 0919WM,03,3
965,SPI-01901000 0919,03,2
966,SPI-01901000 0919,03,3
967,SPI-01901000 0920GT,03,2
968,SPI-01901000 0920GT,03,3
969,SPI-01901000 0920RED,03,1
970,SPI-01901000 0920RED,03,2
971,SPI-01901000 0920WM,03,2
972,SPI-01901000 0920WM,03,3
973,SPI-01901000 0920,03,3
974,SPI-01901000 0920,03,4
975,SPI-01901000 0921GT,03,2
976,SPI-01901000 0921GT,03,3
977,SPI-01901000 0921RED,03,1
978,SPI-01901000 0921RED,03,2
979,SPI-01901000 0921WM,03,2
980,SPI-01901000 0921WM,03,3
981,SPI-01901000 0921,03,2
982,SPI-01901000 0921,03,3
983,SPI-01901000 0922GT,02,1
984,SPI-01901000 0922GT,04,3
985,SPI-01901000 0922GT,04,4
986,SPI-01901000 0922RED,04,1
987,SPI-01901000 0922RED,04,2
988,SPI-01901000 0922WM,02,1
989,SPI-01901000 0922WM,04,3
990,SPI-01901000 0922WM,04,4
991,SPI-01901000 0922,02,1
992,SPI-01901000 0922,04,3
993,SPI-01901000 0922,04,4
994,SPI-01901000 0923CUSTOM,00,50
995,SPI-01901000 0923GT,03,2
996,SPI-01901000 0923GT,03,3
997,SPI-01901000 0923RED,03,1
998,SPI-01901000 0923RED,03,2
999,SPI-01901000 0923WM,03,2
1000,SPI-01901000 0923WM,03,3
1001,SPI-01901000 0923,03,2
1002,SPI-01901000 0923,03,3
1003,SPI-01901000 0924CUSTOM,00,50
1004,SPI-01901000 0924GT,03,2
1005,SPI-01901000 0924GT,03,3
1006,SPI-01901000 0924GT,03,4
1007,SPI-01901000 0924GT,03,5
1008,SPI-01901000 0924RED,03,1
1009,SPI-01901000 0924RED,03,2
1010,SPI-01901000 0924RED,03,3
1011,SPI-01901000 0924RED,03,4
1012,SPI-01901000 0924WM,03,2
1013,SPI-01901000 0924WM,03,3
1014,SPI-01901000 0924WM,03,4
1015,SPI-01901000 0924WM,03,5
1016,SPI-01901000 0924,03,2
1017,SPI-01901000 0924,03,3
1018,SPI-01901000 0924,03,4
1019,SPI-01901000 0924,03,5
1020,SPI-01901000 0925GT,03,3
1021,SPI-01901000 0925GT,03,4
1022,SPI-01901000 0925RED,03,1
1023,SPI-01901000 0925RED,03,2
1024,SPI-01901000 0925WM,03,3
1025,SPI-01901000 0925WM,03,4
1026,SPI-01901000 0925,03,3
1027,SPI-01901000 0925,03,4
1028,SPI-01901000 0931GRAY,03,1
1029,SPI-01901000 0931GRAY,03,2
1030,SPI-01901000 0931,03,1
1031,SPI-01901000 0931,03,2
1032,SPI-01901000 0932GRAY,03,1
1033,SPI-01901000 0933GRAY,03,2
1034,SPI-01901000 0933,03,1
1035,SPI-01901000 0934GRAY,03,2
1036,SPI-01901000 0934,03,2
1037,SPI-01901000 0935GRAY,04,1
1038,SPI-01901000 0935,04,1
1039,SPI-01901000 0936GRAY,02,3
1040,SPI-01901000 0936,02,1
1041,SPI-01901000 0937GT,03,2
1042,SPI-01901000 0937GT,03,3
1043,SPI-01901000 0937RED,03,1
1044,SPI-01901000 0937RED,03,2
1045,SPI-01901000 0937WM,03,2
1046,SPI-01901000 0937WM,03,3
1047,SPI-01901000 0937,03,2
1048,SPI-01901000 0937,03,3
1049,SPI-01901000 0938GT,06,2
1050,SPI-01901000 0938GT,06,3
1051,SPI-01901000 0938RED,06,1
1052,SPI-01901000 0938RED,06,2
1053,SPI-01901000 0938WM,06,2
1054,SPI-01901000 0938WM,06,3
1055,SPI-01901000 0938,06,2
1056,SPI-01901000 0938,06,3
1057,SPI-01901000 0939GT,06,1
1058,SPI-01901000 0939GT,06,2
1059,SPI-01901000 0939RED,06,1
1060,SPI-01901000 0939RED,06,2
1061,SPI-01901000 0939WM,06,1
1062,SPI-01901000 0939WM,06,2
1063,SPI-01901000 0939,06,2
1064,SPI-01901000 0939,06,3
1065,SPI-01901000 0940GRAY,05,2
1066,SPI-01901000 0940GRAY,05,3
1067,SPI-01901000 0940GT,05,2
1068,SPI-01901000 0940GT,05,3
1069,SPI-01901000 0940RED,05,1
1070,SPI-01901000 0940RED,05,2
1071,SPI-01901000 0940WM,05,2
1072,SPI-01901000 0940WM,05,3
1073,SPI-01901000 0940,05,2
1074,SPI-01901000 0940,05,3
1075,SPI-01901000 0941GRAY,05,2
1076,SPI-01901000 0941GRAY,05,3
1077,SPI-01901000 0941RED,05,1
1078,SPI-01901000 0941RED,05,2
1079,SPI-01901000 0941WM,05,2
1080,SPI-01901000 0941WM,05,3
1081,SPI-01901000 0941,05,2
1082,SPI-01901000 0941,05,3
1083,SPI-01901000 0942GRAY,04,1
1084,SPI-01901000 0942GRAY,05,50
1085,SPI-01901000 0942,04,1
1086,SPI-01901000 0943GRAY,03,2
1087,SPI-01901000 0943GRAY,04,50
1088,SPI-01901000 0943,03,2
1089,SPI-01901000 0943,04,50
1090,SPI-01901000 0944GT,04,2
1091,SPI-01901000 0944GT,04,3
1092,SPI-01901000 0944RED,04,1
1093,SPI-01901000 0944RED,04,2
1094,SPI-01901000 0944WM,04,2
1095,SPI-01901000 0944WM,04,3
1096,SPI-01901000 0944,04,2
1097,SPI-01901000 0944,04,3
1098,SPI-01901000 0945GT,04,2
1099,SPI-01901000 0945GT,04,3
1100,SPI-01901000 0945RED,04,1
1101,SPI-01901000 0945RED,04,2
1102,SPI-01901000 0945WM,04,2
1103,SPI-01901000 0945WM,04,3
1104,SPI-01901000 0945,04,2
1105,SPI-01901000 0945,04,3
1106,SPI-01901000 0946,03,1
1107,SPI-01901000 0947,03,2
1108,SPI-01901000 0948,01,1
1109,SPI-01901000 0950-UP,02,6
1110,SPI-01901000 0950-UP,02,7
1111,SPI-01901000 0950-UP,02,8
1112,SPI-01901000 0950-UP,02,9
1113,SPI-01901000 0958-UP,02,8
1114,SPI-01901000 0958-UP,02,9
1115,SPI-01901000 0958-UP,02,10
1116,SPI-01901000 0958-UP,02,11
1117,SPI-01901000 0959-UP,01,1
1118,SPI-01901000 0959-UP,01,2
1119,SPI-01901000 0959-UP,01,3
1120,SPI-01901000 0959-UP,01,4
1121,SPI-01901000 0963-UP,02,14
1122,SPI-01901000 0963-UP,02,15
1123,SPI-01901000 0963-UP,02,16
1124,SPI-01901000 0963-UP,02,17
1125,SPI-01901000 0963-UP,02,18
1126,SPI-01901000 0963-UP,02,19
1127,SPI-01901000 0963-UP,02,20
1128,SPI-01901000 0963-UP,02,21
1129,SPI-01901000 0963-UP,02,22
1130,SPI-01901000 0963-UP,02,23
1131,SPI-01901000 0963-UP,02,24
1132,SPI-01901000 0963-UP,02,25
1133,SPI-01901000 0963-UP,02,26
1134,SPI-01901000 0963-UP,02,27
1135,SPI-01901000 0965-UP,02,10
1136,SPI-01901000 0965-UP,02,11
1137,SPI-01901000 0965-UP,02,12
1138,SPI-01901000 0965-UP,02,13
1139,SPI-01901000 0965-UP,02,14
1140,SPI-01901000 0965-UP,02,15
1141,SPI-01901000 0965-UP,02,16
1142,SPI-01901000 0965-UP,02,17
1143,SPI-01901000 0965-UP,02,18
1144,SPI-01901000 0965-UP,02,19
1145,SPI-01901000 0968-UP,03,12
1146,SPI-01901000 0968-UP,03,13
1147,SPI-01901000 0968-UP,03,14
1148,SPI-01901000 0968-UP,03,15
1149,SPI-01901000 0968-UP,03,16
1150,SPI-01901000 0968-UP,03,17
1151,SPI-01901000 0968-UP,03,18
1152,SPI-01901000 0968-UP,03,19
1153,SPI-01901000 0968-UP,03,20
1154,SPI-01901000 0968-UP,03,21
1155,SPI-01901000 0968-UP,03,22
1156,SPI-01901000 0968-UP,03,23
1157,SPI-01901000 0968-UP,03,24
1158,SPI-01901000 0968-UP,03,25
1159,SPI-01901000 0969-UP,02,1
1160,SPI-01901000 0969-UP,02,2
1161,SPI-01901000 0969-UP,02,3
1162,SPI-01901000 0969-UP,02,4
1163,SPI-01901000 0971GT,02,3
1164,SPI-01901000 0971GT,02,4
1165,SPI-01901000 0971RED,02,2
1166,SPI-01901000 0971RED,02,3
1167,SPI-01901000 0971WM,02,3
1168,SPI-01901000 0971WM,02,4
1169,SPI-01901000 0971,02,3
1170,SPI-01901000 0971,02,4
1171,SPI-01901000 0972GT,01,1
1172,SPI-01901000 0972WM,01,1
1173,SPI-01901000 0972,01,1
1174,SPI-01901000 0974,02,1
1175,SPI-01901000 0975GRAY,02,2
1176,SPI-01901000 0975GRAY,02,3
1177,SPI-01901000 0975,02,1
1178,SPI-01901000 0975,02,2
1179,SPI-01901000 0976GRAY,05,1
1180,SPI-01901000 0976GRAY,05,2
1181,SPI-01901000 0976,05,1
1182,SPI-01901000 0976,05,2
1183,SPI-01901000 0984,03,1
1184,SPI-01901000 0985CUSTOM,02,50
1185,SPI-01901000 0985GT,01,1
1186,SPI-01901000 0985GT,02,3
1187,SPI-01901000 0985GT,02,4
1188,SPI-01901000 0985RED,02,1
1189,SPI-01901000 0985RED,02,2
1190,SPI-01901000 0985WM,01,1
1191,SPI-01901000 0985WM,02,3
1192,SPI-01901000 0985WM,02,4
1193,SPI-01901000 0985,01,1
1194,SPI-01901000 0985,02,3
1195,SPI-01901000 0986RED,02,1
1196,SPI-01901000 0986RED,02,2
1197,SPI-01901000 0986WM,02,1
1198,SPI-01901000 0986WM,02,2
1199,SPI-01901000 0986,02,2
1200,SPI-01901000 0986,02,3
1201,SPI-01901000 0989,01,1
1202,SPI-01901000 0996,01,1
1203,SPI-01901000 0997,00,1
1204,SPI-01901000 0998GT,01,2
1205,SPI-01901000 0998GT,01,3
1206,SPI-01901000 0998RED,01,1
1207,SPI-01901000 0998RED,01,2
1208,SPI-01901000 0998WM,01,2
1209,SPI-01901000 0998WM,01,3
1210,SPI-01901000 0998,01,2
1211,SPI-01901000 0998,01,3
1212,SPI-01901000 0999GT,01,2
1213,SPI-01901000 0999GT,01,3
1214,SPI-01901000 0999RED,01,1
1215,SPI-01901000 0999RED,01,2
1216,SPI-01901000 0999WM,01,2
1217,SPI-01901000 0999WM,01,3
1218,SPI-01901000 0999,01,2
1219,SPI-01901000 0999,01,3
1220,SPI-01901000 1003,00,1
1221,SPI-01901000 1004,00,1
1222,SPI-01901000 1005,00,1
1223,SPI-01901000 1006,00,1
1224,SPI-01901000 1007,00,1
1225,SPI-01901000 1007,00,2
1226,SPI-01901000 1007,00,3
1227,SPI-01901000 1008,00,1
1228,SPI-01901000 1009GRAY,00,1
1229,SPI-01901000 1010GRAY,00,1
1230,SPI-01901000 1011GRAY,00,1
1231,SPI-01901000 1012GRAY,00,1
1232,SPI-01901000 1013GRAY,00,1
1233,SPI-01901000 1014GRAY,01,1
1234,SPI-01901000 1015GRAY,00,2
1235,SPI-01901000 1016GRAY,00,1
1236,SPI-01901000 1017,00,1
1237,SPI-01901000 1018,00,1
1238,SPI-01901000 1019,00,1
1239,SPI-01901000 1020,00,1
1240,SPI-01901000 1021,00,1
1241,SPI-01901000 1022,00,1
1242,SPI-01901000 1023,00,2
1243,SPI-01901000 1026GRAY,01,1
1244,SPI-01901000 1026,01,1
1245,SPI-01901000 1161GT,01,50
1246,SPI-01901000 1161GT,01,51
1247,SPI-01901000 1161RED,01,50
1248,SPI-01901000 1161RED,01,51
1249,SPI-01901000 1161WM-R,00,50
1250,SPI-01901000 1161WM-R,00,51
1251,SPI-01901000 1161WM-R,00,52
1252,SPI-01901000 1161WM,01,50
1253,SPI-01901000 1161WM,01,51
1254,SPI-01901000 1161,01,50
1255,SPI-01901000 1161,01,51
1256,SPI-01901000 1168,00,1
1257,SPI-01901000 1183,00,1
1258,SPI-01901000 1183,01,2
1259,SPI-01901000 1184,00,1
1260,SPI-01901000 1185OT,01,2
1261,SPI-01901000 1188OT,01,1
1262,SPI-01901000 1217GT,00,50
1263,SPI-01901000 1217WM,00,50
1264,SPI-01901000 1217,00,1
1265,SPI-01901000 1228WM,00,50
1266,SPI-01901000 1228WM,01,51
1267,SPI-01901000 1229WM,00,50
1268,SPI-01901000 1229WM,00,51
1269,SPI-01901000 1229WM,00,52
1270,SPI-01901000 1229WM,02,53
1271,SPI-01901000 1229WM,02,54
1272,SPI-01901000 1241,00,51
1273,SPI-01901112 0568-R,04,50
1274,SPI-01901112 0568,03,1
1275,SPI-01901112 0568,04,50
1276,SPI-01901378 0053 KMI DES,00,1
1277,SPI-01901378 0054,00,1
1278,SPI-01901378 0055,00,1
1279,SPI-01901378 0061,00,1
1280,SPI-01901520 0377-UNF,01,1
1281,SPI-01901520 0378-1-UNF,03,1
1282,SPI-01901520 0378-2-UNF,03,1
1283,SPI-01901520 0425,00,1
1284,SPI-01901520 0430-UNF,00,1
1285,SPI-01901520 0431-UNF,00,1
1286,SPI-03000-017-PTB,03,1
1287,SPI-03000-017,03,1
1288,SPI-03337-012-PTB,17,1
1289,SPI-03337-012-PTB,17,50
1290,SPI-03337-012-SUN,17,1
1291,SPI-03337-012-SUN,17,50
1292,SPI-03337-012,17,1
1293,SPI-03337-012,17,50
1294,SPI-03337-013-PTB,06,1
1295,SPI-03337-013-SUN,06,1
1296,SPI-03337-013,06,2
1297,SPI-03337-014,04,1
1298,SPI-03903009 0075,03,1
1299,SPI-03903040 0177GRAY,02,1
1300,SPI-03903040 0177,02,2
1301,SPI-03903040 0178GRAY,02,4
1302,SPI-03903040 0178,02,3
1303,SPI-03903040 0180GT,02,1
1304,SPI-03903040 0180GT,02,2
1305,SPI-03903040 0180OT,02,2
1306,SPI-03903040 0180OT,02,3
1307,SPI-03903040 0180WM,02,1
1308,SPI-03903040 0180WM,02,2
1309,SPI-03903040 0180,02,2
1310,SPI-03903040 0180,02,3
1311,SPI-03903040 0181GRAY,03,2
1312,SPI-03903040 0181,03,2
1313,SPI-03903040 0182GRAY,02,3
1314,SPI-03903040 0182,02,3
1315,SPI-03903040 0183GRAY,02,2
1316,SPI-03903040 0183GRAY,02,3
1317,SPI-03903040 0183,02,2
1318,SPI-03903040 0183,02,3
1319,SPI-03903040 0184GRAY,02,2
1320,SPI-03903040 0184GRAY,02,3
1321,SPI-03903040 0185GRAY,02,1
1322,SPI-03903087 0023,01,1
1323,SPI-03903128 0093-1-UNF,10,1
1324,SPI-03903128 0093-234-UNF,10,1
1325,SPI-03903128 0093-5-UNF,10,1
1326,SPI-03903128 0093-6-UNF,10,1
1327,SPI-03903128 0093-7-UNF,10,1
1328,SPI-03903128 0093-8-UNF,10,1
1329,SPI-03903128 0093-8-UNF,10,2
1330,SPI-03903128 0093-9-UNF,10,1
1331,SPI-03903128 0093-UP,10,1
1332,SPI-03903168 0118-1-UNF,04,1
1333,SPI-03903168 0118-2-UNF,04,1
1334,SPI-03903168 0118-UP,04,1
1335,SPI-03903200 0034,04,1
1336,SPI-03903297 0024-KIT,02,8
1337,SPI-03903297 0024GT,02,7
1338,SPI-03903297 0024RED,02,5
1339,SPI-03903297 0024WM,02,7
1340,SPI-03903297 0024,02,4
1341,SPI-03903297 0025GT,02,2
1342,SPI-03903297 0025RED,02,1
1343,SPI-03903297 0025WM,02,2
1344,SPI-03903297 0025,02,2
1345,SPI-03903297 0026-KIT,02,8
1346,SPI-03903297 0026GT,02,6
1347,SPI-03903297 0026RED,02,5
1348,SPI-03903297 0026WM,02,5
1349,SPI-03903297 0026,02,11
1350,SPI-03903297 0027GT,03,7
1351,SPI-03903297 0027RED,03,7
1352,SPI-03903297 0027WM,03,8
1353,SPI-03903297 0027,03,7
1354,SPI-03903297 0028GT,03,6
1355,SPI-03903297 0028RED,03,5
1356,SPI-03903297 0028WM,03,6
1357,SPI-03903297 0028,03,6
1358,SPI-03903297 0029,00,1
1359,SPI-03903297 0030,01,1
1360,SPI-03903297 0030,01,2
1361,SPI-03903297 0031,01,50
1362,SPI-03903297 0031,01,51
1363,SPI-03903297 0032,01,1
1364,SPI-03903297 0033,01,1
1365,SPI-03903297 0035GT,01,50
1366,SPI-03903297 0035RED,01,50
1367,SPI-03903297 0035WM,01,50
1368,SPI-03903297 0035,01,50
1369,SPI-03903297 0036,00,1
1370,SPI-03903297 0036,00,2
1371,SPI-03903313 0108 TEMP,00,50
1372,SPI-03903313 0108,01,51
1373,SPI-03903313 0108,01,52
1374,SPI-03903313 0108,01,53
1375,SPI-03903313 0108,01,54
1376,SPI-03903313 0108,01,55
1377,SPI-03903313 0108,02,56
1378,SPI-09355-065,02,1
1379,SPI-09355-065,02,2
1380,SPI-09355-065,03,3
1381,SPI-09355-113,01,1
1382,SPI-09355-114,01,1
1383,SPI-09355-114,01,2
1384,SPI-09355-120,02,1
1385,SPI-10144-081-BLK,03,50
1386,SPI-10947-015-PTB,05,50
1387,SPI-10947-015-SUN,05,50
1388,SPI-10947-031-SUN,04,50
1389,SPI-10947-032-SUN-TEAL,07,53
1390,SPI-10947-032-SUN,07,53
1391,SPI-10947-037-SUN,03,1
1392,SPI-10947-037,03,1
1393,SPI-10947-055,02,1
1394,SPI-10947-071-PTB,01,1
1395,SPI-10947-071-SUN,01,50
1396,SPI-10947-071,01,1
1397,SPI-10947-080-PTB,05,50
1398,SPI-10947-080-SUN,05,1
1399,SPI-10947-091,02,1
1400,SPI-10947-091,02,2
1401,SPI-10947-095-PTB,04,1
1402,SPI-10947-095,04,1
1403,SPI-10947-096-PTB,04,1
1404,SPI-10947-096-SUN,04,1
1405,SPI-10947-096,04,1
1406,SPI-10947-097-PTB,03,1
1407,SPI-10947-097-SUN,03,1
1408,SPI-10947-097,03,1
1409,SPI-10947-098-PTB,03,1
1410,SPI-10947-098-SUN,03,1
1411,SPI-10947-098,03,1
1412,SPI-10947-099,01,1
1413,SPI-10947-102-SUN,07,1
1414,SPI-10947-102,07,1
1415,SPI-10947-103-SUN,03,1
1416,SPI-10947-103,03,1
1417,SPI-10947-104-PTB,05,2
1418,SPI-10947-104,05,2
1419,SPI-10947-105-PTB,03,1
1420,SPI-10947-105,03,1
1421,SPI-10947-106-PTB,03,1
1422,SPI-10947-106,03,1
1423,SPI-10947-107-PTB,02,2
1424,SPI-10947-107,02,2
1425,SPI-10947-108 ,00,1
1426,SPI-10947-110,03,50
1427,SPI-10947-113,00,1
1428,SPI-10947-121,02,50
1429,SPI-10947-126,03,1
1430,SPI-10947-127-PTB,02,1
1431,SPI-10947-127,02,1
1432,SPI-10947-128,00,1
1433,SPI-10947-129,04,1
1434,SPI-10947-130,02,1
1435,SPI-10947-133,00,1
1436,SPI-10947-135-SUN,00,1
1437,SPI-10947-135-SUN,00,2
1438,SPI-10947-135-SUN,00,3
1439,SPI-10947-135-SUN,00,4
1440,SPI-10947-135-SUN,00,50
1441,SPI-10947-135,00,1
1442,SPI-10947-135,00,2
1443,SPI-10947-135,00,3
1444,SPI-10947-135,00,4
1445,SPI-10947-135,00,5
1446,SPI-10947-135,00,50
1447,SPI-10947-139-SUN,00,50
1448,SPI-10947-139,00,1
1449,SPI-10947-140,00,3
1450,SPI-10947-142,00,50
1451,SPI-10947-143,00,50
1452,SPI-10947-145,00,50
1453,SPI-10947-148,00,1
1454,SPI-10947-148,00,2
1455,SPI-10947-149,00,1
1456,SPI-10947-150,00,1
1457,SPI-10947-151,00,1
1458,SPI-10947-152,00,1
1459,SPI-10947-153,00,1
1460,SPI-10947-154-PTB,00,1
1461,SPI-10947-154-P,00,50
1462,SPI-10947-154,00,1
1463,SPI-10947-155-PTB,01,1
1464,SPI-10947-155,01,1
1465,SPI-10947-156-P,00,1
1466,SPI-10947-156,00,1
1467,SPI-10947-157-PTB,00,1
1468,SPI-10947-157-P,00,1
1469,SPI-10947-157,00,2
1470,SPI-10947-158-PTB,00,1
1471,SPI-10947-158-P,00,1
1472,SPI-10947-158,00,1
1473,SPI-10947-159-PTB,00,1
1474,SPI-10947-159-P,00,1
1475,SPI-10947-159,00,1
1476,SPI-10947-160-PTB,00,1
1477,SPI-10947-160-P,00,1
1478,SPI-10947-160,00,1
1479,SPI-10947-161-PTB,00,1
1480,SPI-10947-161-P,00,1
1481,SPI-10947-161,00,1
1482,SPI-10947-162-PTB,00,1
1483,SPI-10947-162-P,00,1
1484,SPI-10947-162,00,1
1485,SPI-10947-163-PTB,00,1
1486,SPI-10947-163-P,00,1
1487,SPI-10947-163,00,1
1488,SPI-10947-164-P,00,50
1489,SPI-10947-166-PTB,01,50
1490,SPI-10947-168-R,02,52
1491,SPI-10947-170,00,4
1492,SPI-10947-173,00,2
1493,SPI-10947-174,00,2
1494,SPI-10947-175,00,1
1495,SPI-10947-176,00,2
1496,SPI-10947-177,00,1
1497,SPI-10947-178,00,1
1498,SPI-10947-178,01,2
1499,SPI-10947-179,00,1
1500,SPI-10947-180,00,1
1501,SPI-10992-001,01,1
1502,SPI-10992-001,01,2
1503,SPI-18711-002-PTB,07,50
1504,SPI-18711-002,07,1
1505,SPI-18711-022-PTB,04,2
1506,SPI-18711-022-SUN,04,1
1507,SPI-18711-022,04,1
1508,SPI-18711-023,03,1
1509,SPI-20144-050,19,1
1510,SPI-20144-163,08,52
1511,STRUT,0D,50
1512,STRUT,0D,51
1513,STRUT,0D,52
1514,STRUT,0D,54
1515,STRUT,0D,55
1516,SULL-02250060-422,06,1
1517,SULL-02250060-422,06,2
1518,SULL-02250094-230,02,1
1519,SULL-02250094-230,02,51
1520,SULL-02250114-008-UNF,05,1
1521,SULL-02250114-008-UNF,05,3
1522,SULL-02250119-501,01,1
1523,SULL-02250123-920,05,1
1524,SULL-02250123-920,05,2
1525,SULL-02250133-616,06,2
1526,SULL-02250133-616,06,3
1527,SULL-02250133-616,06,4
1528,SULL-02250133-616,06,5
1529,SULL-02250133-864-1-UNF,10,1
1530,SULL-02250133-864-1-UNF,10,2
1531,SULL-02250133-864-1-UNF,10,3
1532,SULL-02250133-864-2-F,10,2
1533,SULL-02250133-864-2-F,10,3
1534,SULL-02250133-864-2-UNF,10,1
1535,SULL-02250133-864-2-UNF,10,2
1536,SULL-02250133-864-2-UNF,10,3
1537,SULL-02250133-864-2-UP,10,1
1538,SULL-02250133-864-3-F,10,2
1539,SULL-02250133-864-3-F,10,3
1540,SULL-02250133-864-3-UNF,10,1
1541,SULL-02250133-864-3-UNF,10,2
1542,SULL-02250133-864-3-UNF,10,3
1543,SULL-02250133-864-3-UP,10,1
1544,SULL-02250133-864-4-F,10,2
1545,SULL-02250133-864-4-F,10,3
1546,SULL-02250133-864-4-F,10,4
1547,SULL-02250133-864-4-UNF,10,1
1548,SULL-02250133-864-4-UNF,10,2
1549,SULL-02250133-864-4-UNF,10,3
1550,SULL-02250133-864-4-UNF,10,4
1551,SULL-02250133-864-4-UP,10,1
1552,SULL-02250133-864-7-UNF,10,1
1553,SULL-02250133-864-7-UNF,10,2
1554,SULL-02250133-864-7-UNF,10,3
1555,SULL-02250133-864-8-UNF,10,1
1556,SULL-02250133-864-8-UNF,10,2
1557,SULL-02250133-864-8-UNF,10,3
1558,SULL-02250133-864-8-UNF,10,4
1559,SULL-02250133-864-8-UNF,10,5
1560,SULL-02250133-864,10,1
1561,SULL-02250133-864,10,2
1562,SULL-02250133-864,10,3
1563,SULL-02250134-137,00,1
1564,SULL-02250134-138,07,2
1565,SULL-02250134-140,05,1
1566,SULL-02250134-141,04,1
1567,SULL-02250134-143,10,2
1568,SULL-02250134-568-UNF,01,1
1569,SULL-02250134-568,01,1
1570,SULL-02250136-794,02,1
1571,SULL-02250136-993-UNF,02,1
1572,SULL-02250139-672 ,06,1
1573,SULL-02250139-672 ,06,2
1574,SULL-02250139-672,06,3
1575,SULL-02250139-755,05,1
1576,SULL-02250139-755,05,2
1577,SULL-02250139-757,01,1
1578,SULL-02250139-771-UNF,02,1
1579,SULL-02250139-916-UNF,02,51
1580,SULL-02250140-954,03,1
1581,SULL-02250141-183-UNF,05,5
1582,SULL-02250141-183,04,1
1583,SULL-02250142-685-UNF,00,1
1584,SULL-02250144-615-5-PF,14,51
1585,SULL-02250144-615-5-PF,14,52
1586,SULL-02250144-615,14,54
1587,SULL-02250144-615,14,55
1588,SULL-02250144-615,14,56
1589,SULL-02250144-615,14,57
1590,SULL-02250144-615,14,58
1591,SULL-02250144-615,14,59
1592,SULL-02250146-123-UNF,03,50
1593,SULL-02250146-684-UNF,01,50
1594,SULL-02250146-685-UNF,01,52
1595,SULL-02250149-684,04,1
1596,SULL-02250149-991-UNF,00,50
1597,SULL-02250150-049,00,50
1598,SULL-02250150-056-UNF,01,1
1599,SULL-02250150-057-UNF,01,1
1600,SULL-02250150-086-UNF,00,50
1601,SULL-02250150-088,02,50
1602,SULL-02250150-221-UNF,01,51
1603,SULL-02250150-221-UNF,02,50
1604,SULL-02250150-225-UNF,00,1
1605,SULL-02250150-227-UNF,05,1
1606,SULL-02250150-231-UNF,05,1
1607,SULL-02250151-316-UNF,00,50
1608,SULL-02250151-338-UNF,03,50
1609,SULL-02250151-338-UNF,03,51
1610,SULL-02250151-348-UNF,00,1
1611,SULL-02250151-398-UNF,00,1
1612,SULL-02250151-402-UNF,00,50
1613,SULL-02250151-407-UNF,00,50
1614,SULL-02250153-634-UNF,02,1
1615,SULL-02250153-635-UNF,00,1
1616,SULL-02250153-639-1-UNF,00,1
1617,SULL-02250153-639-2-UNF     ,00,1
1618,SULL-02250153-639-3-UNF,00,1
1619,SULL-02250153-639,00,1
1620,SULL-02250153-887,00,1
1621,SULL-02250153-953,01,4
1622,SULL-02250156-382,07,1
1623,SULL-02250157-075,02,50
1624,SULL-02250157-350,02,2
1625,SULL-02250157-350,03,3
1626,SULL-02250161-125,01,1
1627,SULL-02250161-126,01,1
1628,SULL-02250162-651,02,1
1629,SULL-02250162-845,05,1
1630,SULL-02250163-805-UP,03,1
1631,SULL-02250163-805-UP,04,2
1632,SULL-02250163-805-UP,04,50
1633,SULL-02250163-809-UP,02,1
1634,SULL-02250163-809-UP,03,50
1635,SULL-02250164-160-1-UNF,03,1
1636,SULL-02250164-160,03,1
1637,SULL-02250164-161-1-UNF,03,1
1638,SULL-02250164-161-2-UNF,03,1
1639,SULL-02250164-161,03,1
1640,SULL-02250164-386-1-PF,06,3
1641,SULL-02250164-386-1-UNF,06,6
1642,SULL-02250164-386-2-PF,06,3
1643,SULL-02250164-386-2-UNF,06,5
1644,SULL-02250164-386-3-PF,06,5
1645,SULL-02250164-386-3-UNF,06,5
1646,SULL-02250164-386-4-PF,06,5
1647,SULL-02250164-386-4-UNF,06,5
1648,SULL-02250164-386-5-PF,06,3
1649,SULL-02250164-386-5-UNF,06,5
1650,SULL-02250164-386-6-PF,06,2
1651,SULL-02250164-386-6-UNF,06,4
1652,SULL-02250164-386-7-F,06,3
1653,SULL-02250164-386-7-UNF,06,5
1654,SULL-02250164-386-8-PF,06,3
1655,SULL-02250164-386-8-UNF,06,5
1656,SULL-02250164-386,06,5
1657,SULL-02250164-456,01,3
1658,SULL-02250164-459-1-UNF,06,1
1659,SULL-02250164-459-2-UNF,06,1
1660,SULL-02250164-459-3-UNF,06,1
1661,SULL-02250164-459,06,1
1662,SULL-02250164-459,06,2
1663,SULL-02250164-550-1-UNF,04,1
1664,SULL-02250164-550-2-UNF,04,1
1665,SULL-02250164-550-3-UNF,04,1
1666,SULL-02250164-550-4-UNF,04,1
1667,SULL-02250164-550,04,1
1668,SULL-02250164-583,05,1
1669,SULL-02250164-583,05,50
1670,SULL-02250164-583,05,51
1671,SULL-02250164-692,01,1
1672,SULL-02250164-694-UNF,04,1
1673,SULL-02250164-697-UNF,06,3
1674,SULL-02250164-700-UNF,00,1
1675,SULL-02250164-703-UNF,04,1
1676,SULL-02250164-706-UNF,04,2
1677,SULL-02250164-706,04,1
1678,SULL-02250164-707,04,1
1679,SULL-02250164-709,05,2
1680,SULL-02250164-801-UNF,07,1
1681,SULL-02250164-806-UNF,10,1
1682,SULL-02250164-811-UNF,05,1
1683,SULL-02250164-816-UNF,05,1
1684,SULL-02250164-834-UNF,06,1
1685,SULL-02250164-858-UNF,03,1
1686,SULL-02250164-863-UNF,09,1
1687,SULL-02250164-881-UNF,04,51
1688,SULL-02250165-336,02,50
1689,SULL-02250165-538-UNF,03,1
1690,SULL-02250165-640,02,1
1691,SULL-02250166-221,03,50
1692,SULL-02250167-515-UNF,06,3
1693,SULL-02250168-796,00,1
1694,SULL-02250168-798,02,1
1695,SULL-02250168-800,01,1
1696,SULL-02250169-046,00,1
1697,SULL-02250169-048,00,1
1698,SULL-02250169-049,00,1
1699,SULL-02250169-689,02,1
1700,SULL-02250169-690,03,2
1701,SULL-02250169-692,02,1
1702,SULL-02250171-180,00,2
1703,SULL-02250171-180,00,3
1704,SULL-02250171-180,03,1
1705,SULL-02250172-479-UNF,02,50
1706,SULL-02250172-942,02,1
1707,SULL-02250172-942,02,2
1708,SULL-02250174-864,04,1
1709,SULL-02250174-867,06,1
1710,SULL-02250174-871,03,1
1711,SULL-02250174-875,05,1
1712,SULL-02250174-879,04,1
1713,SULL-02250174-879,04,2
1714,SULL-02250174-883,04,1
1715,SULL-02250174-888,02,1
1716,SULL-02250174-894,04,1
1717,SULL-02250174-931,03,5
1718,SULL-02250174-954,02,1
1719,SULL-02250175-059,01,2
1720,SULL-02250175-061,01,1
1721,SULL-02250175-064,03,1
1722,SULL-02250175-440,04,1
1723,SULL-02250175-446,04,1
1724,SULL-02250175-933-UNF,01,1
1725,SULL-02250175-933,01,1
1726,SULL-02250175-983,04,1
1727,SULL-02250176-348,00,1
1728,SULL-02250176-349,02,2
1729,SULL-02250176-349,02,3
1730,SULL-02250176-350,05,1
1731,SULL-02250176-351,00,1
1732,SULL-02250176-353,03,1
1733,SULL-02250176-594,01,1
1734,SULL-02250176-595,01,1
1735,SULL-02250176-596,01,1
1736,SULL-02250176-597,02,1
1737,SULL-02250176-598,01,1
1738,SULL-02250176-599,02,1
1739,SULL-02250176-611,00,1
1740,SULL-02250176-612,00,1
1741,SULL-02250176-625,04,1
1742,SULL-02250176-692,00,1
1743,SULL-02250177-278,00,1
1744,SULL-02250180-111-UP,05,1
1745,SULL-02250180-130,01,1
1746,SULL-02250180-130,01,2
1747,SULL-02250180-240,01,1
1748,SULL-02250182-499-UP,04,1
1749,SULL-02250182-503-UP,03,2
1750,SULL-02250184-037,01,1
1751,SULL-02250184-040,00,50
1752,SULL-02250186-641,00,50
1753,SULL-02250186-777,00,1
1754,SULL-02250187-601,01,1
1755,SULL-02250187-601,01,2
1756,SULL-02250187-624,00,1
1757,SULL-02250187-624,00,2
1758,SULL-02250187-625,00,1
1759,SULL-02250190-667-2-F,07,1
1760,SULL-02250190-667-3-UNF,07,1
1761,SULL-02250190-667-4-UNF,07,1
1762,SULL-02250190-667-4-UNF,07,2
1763,SULL-02250190-667-6-UNF,10,1
1764,SULL-02250190-667-6-UNF,10,2
1765,SULL-02250190-667-6-UNF,10,3
1766,SULL-02250190-667-7-UNF,10,1
1767,SULL-02250190-667-7-UNF,10,2
1768,SULL-02250190-667-7-UNF,10,3
1769,SULL-02250190-667-8-UNF,07,1
1770,SULL-02250191-667,00,1
1771,SULL-02250191-799,01,1
1772,SULL-02250191-801,01,1
1773,SULL-02250191-802,01,1
1774,SULL-02250191-808,00,1
1775,SULL-02250194-733,00,1
1776,SULL-02250196-612,02,1
1777,SULL-02250196-730-UNF,01,1
1778,SULL-02250196-730,01,1
1779,SULL-02250196-731,01,1
1780,SULL-02250196-737,02,1
1781,SULL-02250196-743-2,03,1
1782,SULL-02250196-743-2,03,2
1783,SULL-02250196-787,01,1
1784,SULL-02250196-789-UNF,01,1
1785,SULL-02250196-933,00,1
1786,SULL-02250196-934,00,51
1787,SULL-02250198-109,00,1
1788,SULL-02250198-110,00,1
1789,SULL-02250199-222,00,1
1790,SULL-02250199-223-UP,01,1
1791,SULL-02250199-225,00,1
1792,SULL-02250199-653-1,02,1
1793,SULL-02250199-653-2,02,1
1794,SULL-02250199-653-3,02,1
1795,SULL-02250199-653-4,02,1
1796,SULL-02250199-653-5-UNF,02,1
1797,SULL-02250199-653-5,02,1
1798,SULL-02250199-653-6-UNF,02,1
1799,SULL-02250199-653-6,02,1
1800,SULL-02250199-653-7-UNF,02,1
1801,SULL-02250199-653-7,02,1
1802,SULL-02250199-653-8-UNF,02,1
1803,SULL-02250199-653-8,02,1
1804,SULL-02250199-653-9-UNF,02,2
1805,SULL-02250199-653-9,02,2
1806,SULL-02250199-653,02,1
1807,SULL-02250200-129,00,1
1808,SULL-02250200-130,00,1
1809,SULL-02250200-148,00,2
1810,SULL-02250200-148,00,3
1811,SULL-02250200-167,03,4
1812,SULL-02250200-168,02,3
1813,SULL-02250200-941,02,1
1814,SULL-02250200-941,02,2
1815,SULL-02250201-295,00,1
1816,SULL-02250201-295,00,2
1817,SULL-02250201-296,01,1
1818,SULL-02250202-020,00,1
1819,SULL-02250211-904,02,1
1820,SULL-02250211-910,02,3
1821,SULL-02250214-042-UP,06,2
1822,SULL-02250214-042,06,1
1823,SULL-02250214-194-UP,05,2
1824,SULL-02250214-440-3-F,03,52
1825,SULL-02250214-440-3-PF,03,52
1826,SULL-02250214-440-3-UNF,03,52
1827,SULL-02250214-440-4-F,03,52
1828,SULL-02250214-440-4-PF,03,52
1829,SULL-02250214-440-4-UNF,03,52
1830,SULL-02250214-440-4-UNF,04,53
1831,SULL-02250214-440-5-F,03,52
1832,SULL-02250214-440-5-PF,03,52
1833,SULL-02250214-440-5-UNF,03,52
1834,SULL-02250214-440-6-UNF,03,52
1835,SULL-02250214-440-7-UNF,03,52
1836,SULL-02250214-440,03,52
1837,SULL-02250214-440,03,53
1838,SULL-02250214-660,02,2
1839,SULL-02250214-660,04,3
1840,SULL-02250214-660,04,4
1841,SULL-02250214-660,05,5
1842,SULL-02250214-660,06,6
1843,SULL-02250214-865,01,1
1844,SULL-02250214-865,01,50
1845,SULL-02250214-865,01,51
1846,SULL-02250214-865,01,52
1847,SULL-02250214-865,02,53
1848,SULL-02250215-119,01,1
1849,SULL-02250215-234-UP,01,1
1850,SULL-02250215-234,01,1
1851,SULL-02250215-235-UP,02,2
1852,SULL-02250217-167,03,2
1853,SULL-02250217-172,03,1
1854,SULL-02250217-179,04,2
1855,SULL-02250217-179,TA,1
1856,SULL-02250217-181,04,1
1857,SULL-02250217-185,04,1
1858,SULL-02250217-185,04,2
1859,SULL-02250217-187,04,2
1860,SULL-02250217-189,05,50
1861,SULL-02250217-191,04,1
1862,SULL-02250217-193,05,2
1863,SULL-02250217-195,05,4
1864,SULL-02250217-248 Comp Supt,14,1
1865,SULL-02250217-248 Frame Pan,14,1
1866,SULL-02250217-248 Frame SuptLH,14,1
1867,SULL-02250217-248 Frame SuptRH,14,1
1868,SULL-02250217-248 Mask Combo,14,1
1869,SULL-02250217-248,14,1
1870,SULL-02250217-248,14,2
1871,SULL-02250217-248,14,3
1872,SULL-02250217-377,01,4
1873,SULL-02250217-379,01,3
1874,SULL-02250217-525-UP,05,1
1875,SULL-02250217-525,05,1
1876,SULL-02250217-526-UP,06,2
1877,SULL-02250217-526,06,2
1878,SULL-02250217-677,01,1
1879,SULL-02250217-677,01,2
1880,SULL-02250217-677,01,3
1881,SULL-02250217-677,01,4
1882,SULL-02250217-677,01,6
1883,SULL-02250217-685,01,1
1884,SULL-02250217-685,01,4
1885,SULL-02250217-851-UP,01,1
1886,SULL-02250217-851-UP,01,2
1887,SULL-02250217-851-UP,02,1
1888,SULL-02250217-851-UP,03,2
1889,SULL-02250217-851-UP,03,3
1890,SULL-02250217-851-UP,04,4
1891,SULL-02250218-138,02,3
1892,SULL-02250220-098-UP,02,1
1893,SULL-02250220-098-UP,03,50
1894,SULL-02250220-105,00,1
1895,SULL-02250220-105,01,50
1896,SULL-02250220-990-UP,03,1
1897,SULL-02250222-941,04,3
1898,SULL-02250222-943,01,1
1899,SULL-02250222-943,02,50
1900,SULL-02250223-022,01,1
1901,SULL-02250223-681,02,1
1902,SULL-02250224-471-1-PF,02,50
1903,SULL-02250224-471-1-PF,02,51
1904,SULL-02250224-471-1-PF,02,52
1905,SULL-02250224-471-1-PF,02,53
1906,SULL-02250224-471-1-PF,02,54
1907,SULL-02250224-471-1-PF,03,55
1908,SULL-02250224-471-1-PF,04,56
1909,SULL-02250224-487-2-PF,02,50
1910,SULL-02250224-487-2-PF,02,51
1911,SULL-02250224-487-2-PF,02,52
1912,SULL-02250224-487-2-PF,02,53
1913,SULL-02250224-487-2-PF,02,54
1914,SULL-02250224-487-2-PF,03,55
1915,SULL-02250224-487-2-PF,04,56
1916,SULL-02250224-487-3-F,02,50
1917,SULL-02250224-487-3-F,02,51
1918,SULL-02250224-487-3-F,02,52
1919,SULL-02250224-487-3-F,02,53
1920,SULL-02250224-487-3-F,02,54
1921,SULL-02250224-487-3-F,03,55
1922,SULL-02250224-487-3-F,04,56
1923,SULL-02250224-487-4-UNF,02,50
1924,SULL-02250224-487-4-UNF,02,51
1925,SULL-02250224-487-4-UNF,02,52
1926,SULL-02250224-487-4-UNF,02,53
1927,SULL-02250224-487-4-UNF,02,54
1928,SULL-02250224-487-4-UNF,03,55
1929,SULL-02250224-487-4-UNF,04,56
1930,SULL-02250224-487-5-PF,02,50
1931,SULL-02250224-487-5-PF,02,51
1932,SULL-02250224-487-5-PF,02,52
1933,SULL-02250224-487-5-PF,02,53
1934,SULL-02250224-487-5-PF,02,54
1935,SULL-02250224-487-5-PF,03,55
1936,SULL-02250224-487-5-PF,04,56
1937,SULL-02250224-487,02,50
1938,SULL-02250224-487,02,51
1939,SULL-02250224-487,02,52
1940,SULL-02250224-487,02,53
1941,SULL-02250224-487,02,54
1942,SULL-02250224-487,03,55
1943,SULL-02250224-487,04,56
1944,SULL-02250224-599,03,3
1945,SULL-02250224-599,03,4
1946,SULL-02250224-599,03,5
1947,SULL-02250224-599,03,6
1948,SULL-02250225-677,02,1
1949,SULL-02250225-677,03,2
1950,SULL-02250225-977,00,1
1951,SULL-02250225-977,01,1
1952,SULL-02250225-977,01,2
1953,SULL-02250226-461-1-F,04,2
1954,SULL-02250226-461-1-F,04,3
1955,SULL-02250226-461-1-F,04,4
1956,SULL-02250226-461-1-F,04,5
1957,SULL-02250226-461-1-F,04,6
1958,SULL-02250226-461-1-F,04,50
1959,SULL-02250226-461-1-F,04,51
1960,SULL-02250226-461-1-F,05,52
1961,SULL-02250226-461-1-PF,04,4
1962,SULL-02250226-461-1-PF,04,5
1963,SULL-02250226-461-1-PF,04,6
1964,SULL-02250226-461-1-PF,04,7
1965,SULL-02250226-461-1-PF,04,8
1966,SULL-02250226-461-1-PF,04,50
1967,SULL-02250226-461-1-PF,04,51
1968,SULL-02250226-461-1-PF,05,52
1969,SULL-02250226-461-1-UNF,04,2
1970,SULL-02250226-461-1-UNF,04,3
1971,SULL-02250226-461-1-UNF,04,4
1972,SULL-02250226-461-1-UNF,04,5
1973,SULL-02250226-461-1-UNF,04,6
1974,SULL-02250226-461-1-UNF,04,50
1975,SULL-02250226-461-1-UNF,04,51
1976,SULL-02250226-461-1-UNF,05,52
1977,SULL-02250226-461-10-F,04,2
1978,SULL-02250226-461-10-F,04,3
1979,SULL-02250226-461-10-F,04,4
1980,SULL-02250226-461-10-F,04,5
1981,SULL-02250226-461-10-F,04,6
1982,SULL-02250226-461-10-F,04,50
1983,SULL-02250226-461-10-F,04,51
1984,SULL-02250226-461-10-F,04,52
1985,SULL-02250226-461-10-F,05,53
1986,SULL-02250226-461-10-F,05,54
1987,SULL-02250226-461-10-PF,04,2
1988,SULL-02250226-461-10-PF,04,3
1989,SULL-02250226-461-10-PF,04,4
1990,SULL-02250226-461-10-PF,04,5
1991,SULL-02250226-461-10-PF,04,6
1992,SULL-02250226-461-10-PF,04,50
1993,SULL-02250226-461-10-PF,04,51
1994,SULL-02250226-461-10-PF,04,52
1995,SULL-02250226-461-10-PF,05,53
1996,SULL-02250226-461-10-PF,05,54
1997,SULL-02250226-461-10-UNF,04,2
1998,SULL-02250226-461-10-UNF,04,3
1999,SULL-02250226-461-10-UNF,04,4
2000,SULL-02250226-461-10-UNF,04,5
2001,SULL-02250226-461-10-UNF,04,6
2002,SULL-02250226-461-10-UNF,04,50
2003,SULL-02250226-461-10-UNF,04,51
2004,SULL-02250226-461-10-UNF,04,52
2005,SULL-02250226-461-10-UNF,05,53
2006,SULL-02250226-461-10-UNF,05,54
2007,SULL-02250226-461-2-F,04,2
2008,SULL-02250226-461-2-F,04,3
2009,SULL-02250226-461-2-F,04,4
2010,SULL-02250226-461-2-F,04,5
2011,SULL-02250226-461-2-F,04,6
2012,SULL-02250226-461-2-F,04,50
2013,SULL-02250226-461-2-F,04,51
2014,SULL-02250226-461-2-F,05,52
2015,SULL-02250226-461-2-PF,04,3
2016,SULL-02250226-461-2-PF,04,4
2017,SULL-02250226-461-2-PF,04,5
2018,SULL-02250226-461-2-PF,04,6
2019,SULL-02250226-461-2-PF,04,7
2020,SULL-02250226-461-2-PF,04,50
2021,SULL-02250226-461-2-PF,04,51
2022,SULL-02250226-461-2-PF,05,52
2023,SULL-02250226-461-2-UNF,04,2
2024,SULL-02250226-461-2-UNF,04,3
2025,SULL-02250226-461-2-UNF,04,4
2026,SULL-02250226-461-2-UNF,04,5
2027,SULL-02250226-461-2-UNF,04,6
2028,SULL-02250226-461-2-UNF,04,50
2029,SULL-02250226-461-2-UNF,04,51
2030,SULL-02250226-461-2-UNF,05,52
2031,SULL-02250226-461-3-F,04,2
2032,SULL-02250226-461-3-F,04,3
2033,SULL-02250226-461-3-F,04,4
2034,SULL-02250226-461-3-F,04,5
2035,SULL-02250226-461-3-F,04,6
2036,SULL-02250226-461-3-F,04,50
2037,SULL-02250226-461-3-F,04,51
2038,SULL-02250226-461-3-F,05,52
2039,SULL-02250226-461-3-PF,04,2
2040,SULL-02250226-461-3-PF,04,3
2041,SULL-02250226-461-3-PF,04,4
2042,SULL-02250226-461-3-PF,04,5
2043,SULL-02250226-461-3-PF,04,6
2044,SULL-02250226-461-3-PF,04,50
2045,SULL-02250226-461-3-PF,04,51
2046,SULL-02250226-461-3-PF,05,52
2047,SULL-02250226-461-3-UNF,04,2
2048,SULL-02250226-461-3-UNF,04,3
2049,SULL-02250226-461-3-UNF,04,4
2050,SULL-02250226-461-3-UNF,04,5
2051,SULL-02250226-461-3-UNF,04,6
2052,SULL-02250226-461-3-UNF,04,50
2053,SULL-02250226-461-3-UNF,04,51
2054,SULL-02250226-461-3-UNF,05,52
2055,SULL-02250226-461-4-F,04,2
2056,SULL-02250226-461-4-F,04,3
2057,SULL-02250226-461-4-F,04,4
2058,SULL-02250226-461-4-F,04,5
2059,SULL-02250226-461-4-F,04,6
2060,SULL-02250226-461-4-F,04,50
2061,SULL-02250226-461-4-F,04,51
2062,SULL-02250226-461-4-F,04,53
2063,SULL-02250226-461-4-F,05,52
2064,SULL-02250226-461-4-UNF,04,2
2065,SULL-02250226-461-4-UNF,04,3
2066,SULL-02250226-461-4-UNF,04,4
2067,SULL-02250226-461-4-UNF,04,5
2068,SULL-02250226-461-4-UNF,04,6
2069,SULL-02250226-461-4-UNF,04,50
2070,SULL-02250226-461-4-UNF,04,51
2071,SULL-02250226-461-4-UNF,04,53
2072,SULL-02250226-461-4-UNF,05,52
2073,SULL-02250226-461-5-F,04,5
2074,SULL-02250226-461-5-F,04,6
2075,SULL-02250226-461-5-F,04,50
2076,SULL-02250226-461-5-F,04,51
2077,SULL-02250226-461-5-F,05,52
2078,SULL-02250226-461-5-PF,04,5
2079,SULL-02250226-461-5-PF,04,6
2080,SULL-02250226-461-5-PF,04,50
2081,SULL-02250226-461-5-PF,04,51
2082,SULL-02250226-461-5-PF,05,52
2083,SULL-02250226-461-5-UNF,04,5
2084,SULL-02250226-461-5-UNF,04,6
2085,SULL-02250226-461-5-UNF,04,50
2086,SULL-02250226-461-5-UNF,04,51
2087,SULL-02250226-461-5-UNF,05,52
2088,SULL-02250226-461-6-F,04,2
2089,SULL-02250226-461-6-F,04,3
2090,SULL-02250226-461-6-F,04,4
2091,SULL-02250226-461-6-F,04,50
2092,SULL-02250226-461-6-F,04,51
2093,SULL-02250226-461-6-F,04,52
2094,SULL-02250226-461-6-F,04,53
2095,SULL-02250226-461-6-F,04,55
2096,SULL-02250226-461-6-F,05,54
2097,SULL-02250226-461-6-UP,04,2
2098,SULL-02250226-461-6-UP,04,3
2099,SULL-02250226-461-6-UP,04,4
2100,SULL-02250226-461-6-UP,04,50
2101,SULL-02250226-461-6-UP,04,51
2102,SULL-02250226-461-6-UP,04,52
2103,SULL-02250226-461-6-UP,04,53
2104,SULL-02250226-461-6-UP,04,55
2105,SULL-02250226-461-6-UP,05,54
2106,SULL-02250226-461-7-F,04,4
2107,SULL-02250226-461-7-F,04,50
2108,SULL-02250226-461-7-F,04,51
2109,SULL-02250226-461-7-F,05,52
2110,SULL-02250226-461-7-PF,04,4
2111,SULL-02250226-461-7-PF,04,50
2112,SULL-02250226-461-7-PF,04,51
2113,SULL-02250226-461-7-PF,05,52
2114,SULL-02250226-461-7-UNF,04,4
2115,SULL-02250226-461-7-UNF,04,50
2116,SULL-02250226-461-7-UNF,04,51
2117,SULL-02250226-461-7-UNF,05,52
2118,SULL-02250226-461-8-F,04,2
2119,SULL-02250226-461-8-F,04,3
2120,SULL-02250226-461-8-F,04,4
2121,SULL-02250226-461-8-F,04,5
2122,SULL-02250226-461-8-F,04,6
2123,SULL-02250226-461-8-F,04,50
2124,SULL-02250226-461-8-F,04,51
2125,SULL-02250226-461-8-F,05,52
2126,SULL-02250226-461-8-PF,04,2
2127,SULL-02250226-461-8-PF,04,3
2128,SULL-02250226-461-8-PF,04,4
2129,SULL-02250226-461-8-PF,04,5
2130,SULL-02250226-461-8-PF,04,6
2131,SULL-02250226-461-8-PF,04,50
2132,SULL-02250226-461-8-PF,04,51
2133,SULL-02250226-461-8-PF,05,52
2134,SULL-02250226-461-8-UNF,04,2
2135,SULL-02250226-461-8-UNF,04,3
2136,SULL-02250226-461-8-UNF,04,4
2137,SULL-02250226-461-8-UNF,04,5
2138,SULL-02250226-461-8-UNF,04,6
2139,SULL-02250226-461-8-UNF,04,50
2140,SULL-02250226-461-8-UNF,04,51
2141,SULL-02250226-461-8-UNF,05,52
2142,SULL-02250226-461-9-F,04,2
2143,SULL-02250226-461-9-F,04,3
2144,SULL-02250226-461-9-F,04,4
2145,SULL-02250226-461-9-F,04,5
2146,SULL-02250226-461-9-F,04,6
2147,SULL-02250226-461-9-F,04,50
2148,SULL-02250226-461-9-F,04,51
2149,SULL-02250226-461-9-F,05,52
2150,SULL-02250226-461-9-F,05,53
2151,SULL-02250226-461-9-PF,04,2
2152,SULL-02250226-461-9-PF,04,3
2153,SULL-02250226-461-9-PF,04,4
2154,SULL-02250226-461-9-PF,04,5
2155,SULL-02250226-461-9-PF,04,6
2156,SULL-02250226-461-9-PF,04,50
2157,SULL-02250226-461-9-PF,04,51
2158,SULL-02250226-461-9-PF,05,52
2159,SULL-02250226-461-9-PF,05,53
2160,SULL-02250226-461-9-UNF,04,2
2161,SULL-02250226-461-9-UNF,04,3
2162,SULL-02250226-461-9-UNF,04,4
2163,SULL-02250226-461-9-UNF,04,5
2164,SULL-02250226-461-9-UNF,04,6
2165,SULL-02250226-461-9-UNF,04,50
2166,SULL-02250226-461-9-UNF,04,51
2167,SULL-02250226-461-9-UNF,05,52
2168,SULL-02250226-461-9-UNF,05,53
2169,SULL-02250226-461-UP,04,2
2170,SULL-02250226-461-UP,04,3
2171,SULL-02250226-461-UP,04,50
2172,SULL-02250226-461-UP,04,51
2173,SULL-02250226-461-UP,05,52
2174,SULL-02250227-861,02,2
2175,SULL-02250230-134,01,2
2176,SULL-02250231-006,00,1
2177,SULL-02250231-006,00,2
2178,SULL-02250231-076,01,1
2179,SULL-02250231-239,02,1
2180,SULL-02250231-239,02,2
2181,SULL-02250231-239,02,3
2182,SULL-02250231-241,00,2
2183,SULL-02250231-346,00,1
2184,SULL-02250231-940,02,4
2185,SULL-02250231-940,02,5
2186,SULL-02250232-035,01,2
2187,SULL-02250232-035,01,3
2188,SULL-02250232-305-1-PF,05,50
2189,SULL-02250232-305-3-PF,05,50
2190,SULL-02250232-305-4-PF,05,50
2191,SULL-02250232-305-5-PF,05,50
2192,SULL-02250232-305-6-PF,05,50
2193,SULL-02250232-305-7-PF,05,50
2194,SULL-02250232-305-7-PF,05,51
2195,SULL-02250232-305-8-PF,05,50
2196,SULL-02250232-305,04,50
2197,SULL-02250232-305,05,53
2198,SULL-02250232-305,05,54
2199,SULL-02250232-508,02,51
2200,SULL-02250232-509,02,52
2201,SULL-02250232-767,00,1
2202,SULL-02250232-767,00,50
2203,SULL-02250232-767,01,51
2204,SULL-02250233-379,00,1
2205,SULL-02250234-047-1-F,04,50
2206,SULL-02250234-047-1-F,04,51
2207,SULL-02250234-047-1-PF,04,50
2208,SULL-02250234-047-1-PF,04,51
2209,SULL-02250234-047-11-PF,03,50
2210,SULL-02250234-047-11-PF,03,51
2211,SULL-02250234-047-11-PF,04,52
2212,SULL-02250234-047-11-PF,04,53
2213,SULL-02250234-047-11-UNF,03,50
2214,SULL-02250234-047-11-UNF,03,51
2215,SULL-02250234-047-11-UNF,04,52
2216,SULL-02250234-047-11-UNF,04,53
2217,SULL-02250234-047-2-F,04,50
2218,SULL-02250234-047-2-F,04,51
2219,SULL-02250234-047-2-PF,04,50
2220,SULL-02250234-047-2-PF,04,51
2221,SULL-02250234-047-2-UNF,04,50
2222,SULL-02250234-047-2-UNF,04,51
2223,SULL-02250234-047-3-F,04,50
2224,SULL-02250234-047-3-F,04,51
2225,SULL-02250234-047-3-PF,04,50
2226,SULL-02250234-047-3-PF,04,51
2227,SULL-02250234-047-3-UNF,04,50
2228,SULL-02250234-047-3-UNF,04,51
2229,SULL-02250234-047-6-F,03,50
2230,SULL-02250234-047-6-F,03,51
2231,SULL-02250234-047-6-F,04,52
2232,SULL-02250234-047-6-F,04,53
2233,SULL-02250234-047-6-UP,03,50
2234,SULL-02250234-047-6-UP,03,51
2235,SULL-02250234-047-6-UP,04,52
2236,SULL-02250234-047-6-UP,04,53
2237,SULL-02250234-047-7-F,03,50
2238,SULL-02250234-047-7-F,03,51
2239,SULL-02250234-047-7-F,03,52
2240,SULL-02250234-047-7-F,04,53
2241,SULL-02250234-047-7-F,04,54
2242,SULL-02250234-047-7-PF,03,50
2243,SULL-02250234-047-7-PF,03,51
2244,SULL-02250234-047-7-PF,04,52
2245,SULL-02250234-047-7-PF,04,53
2246,SULL-02250234-047-7-UNF,03,50
2247,SULL-02250234-047-7-UNF,03,51
2248,SULL-02250234-047-7-UNF,03,52
2249,SULL-02250234-047-7-UNF,04,53
2250,SULL-02250234-047-7-UNF,04,54
2251,SULL-02250234-047-9-F,04,50
2252,SULL-02250234-047-9-F,04,51
2253,SULL-02250234-047-9-PF,04,50
2254,SULL-02250234-047-9-PF,04,51
2255,SULL-02250234-047-9-UNF,04,50
2256,SULL-02250234-047-9-UNF,04,51
2257,SULL-02250234-047,03,50
2258,SULL-02250234-047,03,51
2259,SULL-02250234-047,03,52
2260,SULL-02250234-047,03,53
2261,SULL-02250234-047,03,54
2262,SULL-02250234-047,03,55
2263,SULL-02250234-047,04,56
2264,SULL-02250234-047,04,57
2265,SULL-02250234-426,00,52
2266,SULL-02250234-426,00,53
2267,SULL-02250237-439-1-F,05,54
2268,SULL-02250237-439-1-F,05,55
2269,SULL-02250237-439-1-F,X0,53
2270,SULL-02250237-439-1-PF,05,54
2271,SULL-02250237-439-1-PF,05,55
2272,SULL-02250237-439-1-PF,X0,53
2273,SULL-02250237-439-1-UNF,05,54
2274,SULL-02250237-439-1-UNF,05,55
2275,SULL-02250237-439-1-UNF,X0,53
2276,SULL-02250237-439-2-F,05,54
2277,SULL-02250237-439-2-F,05,55
2278,SULL-02250237-439-2-F,X0,53
2279,SULL-02250237-439-2-PF,05,54
2280,SULL-02250237-439-2-PF,05,55
2281,SULL-02250237-439-2-PF,X0,53
2282,SULL-02250237-439-2-UNF,05,54
2283,SULL-02250237-439-2-UNF,05,55
2284,SULL-02250237-439-2-UNF,X0,53
2285,SULL-02250237-439-3-F,05,55
2286,SULL-02250237-439-3-F,X0,54
2287,SULL-02250237-439-3-PF,05,55
2288,SULL-02250237-439-3-PF,X0,54
2289,SULL-02250237-439-3-UNF,05,55
2290,SULL-02250237-439-3-UNF,X0,54
2291,SULL-02250237-439-5-UNF,X0,53
2292,SULL-02250237-439,05,55
2293,SULL-02250237-439,X0,54
2294,SULL-02250237-746,00,1
2295,SULL-02250237-749,00,1
2296,SULL-02250240-947,04,51
2297,SULL-02250240-947,04,52
2298,SULL-02250240-947,05,53
2299,SULL-02250240-948,00,54
2300,SULL-02250241-108,01,50
2301,SULL-02250243-595-UP,00,50
2302,SULL-02250244-601-UP,00,50
2303,SULL-02250244-602,00,50
2304,SULL-222607-UNF,05,1
2305,SULL-I-02250059-754,02,1
2306,SULL-I-02250092-925,04,1
2307,SULL-I-02250113-686,04,1
2308,SULL-I-02250121-117,05,1
2309,SULL-I-02250121-117,06,2
2310,SULL-I-02250121-118,06,1
2311,SULL-I-02250121-118,07,2
2312,SULL-I-02250126-539,02,1
2313,SULL-I-02250131-273,01,50
2314,SULL-I-02250132-241,01,50
2315,SULL-I-02250140-598,02,1
2316,SULL-I-02250145-715,00,1
2317,SULL-I-02250146-581,04,1
2318,SULL-I-02250152-334-UNF,05,1
2319,SULL-I-02250152-335-UNF,02,1
2320,SULL-I-02250152-336,05,1
2321,SULL-I-02250153-952,04,50
2322,SULL-I-02250153-953,01,1
2323,SULL-I-02250154-667-UNF,06,1
2324,SULL-I-02250154-667,06,1
2325,SULL-I-02250154-721-UNF,04,3
2326,SULL-I-02250155-824-UNF,06,1
2327,SULL-I-02250155-825-UNF,05,1
2328,SULL-I-02250156-138-CS-UN,08,1
2329,SULL-I-02250156-138-HFL-U,08,2
2330,SULL-I-02250156-138-HFL-U,08,50
2331,SULL-I-02250156-138-LFL-U,08,2
2332,SULL-I-02250156-138-LFL-U,08,50
2333,SULL-I-02250156-138-LFR-U,08,2
2334,SULL-I-02250156-138-MS-UN,08,1
2335,SULL-I-02250156-138-RFL-U,08,2
2336,SULL-I-02250156-138-RFL-U,08,50
2337,SULL-I-02250156-138-RFR-U,08,2
2338,SULL-I-02250156-138-RFR-U,08,50
2339,SULL-I-02250156-138-TT-UN,08,2
2340,SULL-I-02250156-138-UNF,08,2
2341,SULL-I-02250156-393-UNF,02,1
2342,SULL-I-02250157-206,02,1
2343,SULL-I-02250160-372-1-UNF,06,1
2344,SULL-I-02250160-372-2-UNF,06,1
2345,SULL-I-02250160-372-UP   ,06,1
2346,SULL-I-02250160-373-UNF  ,08,1
2347,SULL-I-02250160-373-UP,08,1
2348,SULL-I-02250160-374-UNF,04,1
2349,SULL-I-02250160-375-UNF,04,2
2350,SULL-I-02250160-378-UNF,04,1
2351,SULL-I-02250160-378-UNF,04,2
2352,SULL-I-02250160-379-FF-UN,09,3
2353,SULL-I-02250160-379-FF-UN,09,50
2354,SULL-I-02250160-379-FP-UN,09,2
2355,SULL-I-02250160-379-GN-PD,09,1
2356,SULL-I-02250160-379-GN-PD,09,4
2357,SULL-I-02250160-379-GN-PD,09,50
2358,SULL-I-02250160-379-LFL-U,09,3
2359,SULL-I-02250160-379-LFR-U,09,1
2360,SULL-I-02250160-379-LFR-U,09,3
2361,SULL-I-02250160-379-RFL-U,09,3
2362,SULL-I-02250160-379-RFR-U,09,1
2363,SULL-I-02250160-379-RFR-U,09,3
2364,SULL-I-02250160-379-TT-UN,09,1
2365,SULL-I-02250160-379-TT-UN,09,3
2366,SULL-I-02250160-379,10,2
2367,SULL-I-02250160-452,01,1
2368,SULL-I-02250160-536-1-UNF,12,1
2369,SULL-I-02250160-536-2-UNF,13,1
2370,SULL-I-02250160-536-3-UNF,13,1
2371,SULL-I-02250160-536-4-UNF,12,1
2372,SULL-I-02250160-536-5-UNF,12,1
2373,SULL-I-02250160-536-8-UNF,12,2
2374,SULL-I-02250160-536,12,1
2375,SULL-I-02250160-543-UNF,03,1
2376,SULL-I-02250160-543,03,1
2377,SULL-I-02250160-566-UNF,02,1
2378,SULL-I-02250161-970-UNF,01,1
2379,SULL-I-02250163-961,01,1
2380,SULL-I-02250164-026-UNF,04,1
2381,SULL-I-02250168-296,06,1
2382,SULL-I-02250168-576-UNF,01,1
2383,SULL-I-02250168-607,00,1
2384,SULL-I-02250168-607,00,2
2385,SULL-I-02250168-609,00,1
2386,SULL-I-02250168-609,00,2
2387,SULL-I-02250168-632,00,1
2388,SULL-I-02250168-632,00,2
2389,SULL-I-02250170-201-UNF,00,1
2390,SULL-I-02250170-201,00,1
2391,SULL-I-02250170-202-UNF,01,1
2392,SULL-I-02250170-203-UNF,01,1
2393,SULL-I-02250170-204-UNF,02,1
2394,SULL-I-02250170-204,02,1
2395,SULL-I-02250170-205-UNF ,01,1
2396,SULL-I-02250170-205,01,1
2397,SULL-I-02250170-206-UNF,00,52
2398,SULL-I-02250170-206,02,52
2399,SULL-I-02250170-207-UNF,01,2
2400,SULL-I-02250170-208-UNF,01,1
2401,SULL-I-02250170-211-UNF,02,1
2402,SULL-I-02250170-229-UNF,02,2
2403,SULL-I-02250170-233-UNF,02,1
2404,SULL-I-02250170-233,02,1
2405,SULL-I-02250170-622,00,1
2406,SULL-I-02250171-617-UNF,02,1
2407,SULL-I-02250171-617,02,1
2408,SULL-I-02250174-280 FIXTURE,00,50
2409,SULL-I-02250174-280-CS-UN,05,2
2410,SULL-I-02250174-280-CS-UN,05,50
2411,SULL-I-02250174-280-LFL-U,05,2
2412,SULL-I-02250174-280-LFL-U,05,50
2413,SULL-I-02250174-280-SS-UN,05,2
2414,SULL-I-02250174-280-SS-UN,05,50
2415,SULL-I-02250174-280-TT-UN,05,3
2416,SULL-I-02250174-280-TT-UN,05,50
2417,SULL-I-02250174-280,06,2
2418,SULL-I-02250174-280,06,50
2419,SULL-I-02250174-294-1-UNF,07,1
2420,SULL-I-02250174-294-2-UNF,08,1
2421,SULL-I-02250174-294-3-UNF,08,1
2422,SULL-I-02250174-294-4-UNF,07,1
2423,SULL-I-02250174-294-5-UNF,07,1
2424,SULL-I-02250174-294,07,1
2425,SULL-I-02250174-300-UNF,02,1
2426,SULL-I-02250174-300,02,1
2427,SULL-I-02250185-971,00,1
2428,SULL-I-02250191-706,00,2
2429,SULL-I-02250192-720,01,1
2430,SULL-I-02250192-744,00,1
2431,SULL-I-02250206-55-nonskidded,02,1
2432,SULL-I-02250206-551-skidded,02,1
2433,SULL-I-02250206-551,05,1
2434,SULL-I-02250206-552-nonskidded,02,1
2435,SULL-I-02250206-552,02,1
2436,SULL-I-02250208-164,04,3
2437,SULL-I-02250208-165,03,1
2438,SULL-I-02250208-165,03,50
2439,SULL-I-02250208-986-UNF,01,2
2440,SULL-I-02250208-987-UNF ,01,1
2441,SULL-I-02250209-158 ,02,1
2442,SULL-I-02250209-224,01,50
2443,SULL-I-02250214-919,01,1
2444,SULL-I-02250214-919,01,2
2445,SULL-I-02250221-400,00,1
2446,SULL-I-02250221-401,00,1
2447,SULL-I-02250222-466,04,1
2448,SULL-I-02250222-467,04,3
2449,SULL-I-02250223-743,07,2
2450,SULL-I-02250223-745,03,1
2451,SULL-I-02250223-745,03,2
2452,SULL-I-02250223-746,05,1
2453,SULL-I-02250223-748,05,1
2454,SULL-I-02250223-752,04,1
2455,SULL-I-02250223-806,03,1
2456,SULL-I-02250223-813,05,51
2457,SULL-I-02250223-813,05,52
2458,SULL-I-02250225-451,04,1
2459,SULL-I-02250226-738,04,1
2460,SULL-I-02250230-077,01,1
2461,SULL-I-02250230-077,02,2
2462,SULL-I-02250230-580,01,1
2463,SULL-I-02250230-580,01,2
2464,SULL-I-02250231-483,01,3
2465,SULL-I-250025-915,10,1
2466,SULL-I-250025-915,11,1
2467,SULL-I-250039-904-UNF,04,1
2468,SULL-U-02250044-911,02,1
2469,SULL-U-02250048-056,05,1
2470,SULL-U-02250102-084,01,1
2471,SULL-U-02250162-711,02,1
2472,SULL-U-02250165-031,00,51
2473,SULL-U-02250165-03,00,50
2474,SULL-U-02250219-329,01,2
2475,SULL-U-02250219-447,00,1
2476,SULL-U-027055,05,1
2477,SULL-U-027055,05,2
2478,SULL-U-027056,05,1
2479,SULL-U-250008-247,03,1
2480,SULL-U-250015-325,08,1
2481,SULL-U-250030-983,02,1
2482,SULL-U-250031-749,02,1
2483,SULL-U-250031-749,02,50
2484,TEMPLATE FOR HOOD,00,50
2485,TEST PANEL 7-3-18,00,50
2486,TEST PANEL 7-3-18,00,51
2487,TEST PANELS SULLAIR,00,50
2488,TOP LEFT SUBPANEL,00,50
2489,TOP LEFT SUBPANEL,00,51
2490,TOP LEFT SUBPANEL,00,52
2491,TOP LEFT SUBPANEL,00,53
2492,TOP LEFT SUBPANEL,00,54
2493,UNCOMMON LARGE BARRIERB,00,50
2494,UNCOMMON LARGE BARRIERB,00,51
2495,UNCOMMON LARGE BARRIER,00,50
2496,UPPER CONSOLE BODY,0D,50
2497,UPPER CONSOLE BODY,0D,51
2498,UPPER CONSOLE BODY,0D,52
2499,UPPER CONSOLE BODY,0D,54
2500,UPPER CONSOLE BODY,0D,55
2501,UPPER SECTION REAR DOOR,0D,50
2502,UPPER SECTION REAR DOOR,0D,51
2503,UPPER SECTION REAR DOOR,0D,52
2504,UPPER SECTION REAR DOOR,0D,54
2505,UPPER SECTION REAR DOOR,0D,55
2506,UPPER SECTION,0D,50
2507,UPPER SECTION,0D,51
2508,UPPER SECTION,0D,52
2509,UPPER SECTION,0D,54
2510,UPPER SECTION,0D,55
2511,UPPER SECTION,0D,56
2512,Water Cabinet,00,5
2513,WINDOW DOOR,0D,50
2514,WINDOW DOOR,0D,51
2515,WINDOW DOOR,0D,52
2516,WINDOW DOOR,0D,53
2517,WINDOW DOOR,0D,54
2518,WINDOW DOOR,0D,55
2519,WINDOW DOOR,0D,56
2520,WINDOW DOOR,0D,57
